Ticker,銘柄名
1301,極洋
1305,ｉＦＴＯＰＩＸ（年１回決算型）
1306,ＮＦ　ＴＯＰＩＸ連動型上場投信
1308,上場インデックスファンドＴＯＰ
1309,上海株指数・上証５０連動型上場
130A,Ｖｅｒｉｔａｓ　Ｉｎ　Ｓｉｌｉ
1311,ＮＦ　ＴＯＰＩＸ　Ｃｏｒｅ３０
1319,ＮＦ日経３００株価指数連動型
1320,ｉＦ日経２２５（年１回決算型）
1321,ＮＦ日経２２５連動型上場投信
1322,中国Ａ株パンダＣＳＩ３００
1325,ＮＦボベスパ連動型上場投信
1326,ＳＰＤＲゴールド・シェア
1328,ＮＦ金価格連動型上場投資信託
1329,ｉＳコア　日経２２５
1330,上場インデックスファンド２２５
1332,ニッスイ
1333,マルハニチロ
133A,グローバルＸ　超短期米国債
1343,ＮＦ東証ＲＥＩＴ連動型投信
1345,上場Ｊリート隔月分配型
1346,ＭＡＸＩＳ　日経２２５上場投信
1348,ＭＡＸＩＳ　トピックス上場投信
1349,ＡＢＦ汎アジア債券
1356,ＴＯＰＩＸベア２倍上場投信
1357,ＮＦ日経平均ダブルインバース
1358,上場日経レバレッジ指数
135A,ＶＲＡＩＮ　Ｓｏｌｕｔｉｏｎ
1360,日経平均ベア２倍上場投信
1364,ｉシェアーズ　ＪＰＸ日経４００
1365,ｉＦ日経平均レバレッジ
1366,ｉＦ日経平均ダブルインバース
1367,ｉＦＴＰＸレバレッジ（２倍）
1368,ｉＦＴＰＸダブルインバース
1369,ＤＩＡＭ　ＥＴＦ　日経２２５
1375,ユキグニファクトリー
1376,カネコ種苗
1377,サカタのタネ
1379,ホクト
137A,Ｃｏｃｏｌｉｖｅ
1380,秋川牧園
1381,アクシーズ
1382,ホーブ
1383,ベルグアース
1384,ホクリヨウ
138A,光フードサービス
1397,ＳＭＤＡＭ日経２２５
1398,ＳＭＤＡＭ東証ＲＥＩＴ指数
1399,上場ＭＳＣＩ日本株高配当低ボラ
1401,エムビーエス
1407,ウエストＨＬＤＧ
140A,ｉＦ米国１０年国債先物インバ
1414,ショーボンドＨＬＤＧ
1417,ミライト・ワン
1418,インターライフＨＬＤＧ
1419,タマホーム
141A,トライアルＨＬＤＧ
1420,サンヨーホームズ
1429,日本アクア
142A,ジンジブ
1430,ファーストコーポレーション
1431,Ｌｉｂ　Ｗｏｒｋ
1433,ベステラ
1434,ＪＥＳＣＯ　ＨＬＤＧ
1435,ｒｏｂｏｔ　ｈｏｍｅ
1436,グリーンエナジー＆カンパニー
1438,岐阜造園
143A,イシン
1443,技研ＨＬＤＧ
1444,ニッソウ
1446,キャンディル
1447,ＳＡＡＦＨＬＤＧ
1449,ＦＵＪＩジャパン
1450,ＴＡＮＡＫＥＮ
1456,ｉＦ日経平均インバース
1457,ｉＦＴＯＰＩＸインバース
1458,楽天ＥＴＦ日経レバレッジ指数
1459,楽天ＥＴＦ日経ダブルインバース
145A,Ｌ　ｉｓ　Ｂ
1466,ｉＦＪＰＸ４００ダブルインバ
1469,ＪＰＸ日経４００ベア２倍
146A,コロンビア・ワークス
1472,ＮＦ　ＪＰＸ４００ダブルインバ
1473,ＤＩＡＭ　ＥＴＦ　トピックス
1474,ＤＩＡＭ　ＪＰＸ日経４００
1475,ｉＳコア　ＴＯＰＩＸ
1476,ｉＳコア　Ｊリート
1477,ｉシェアーズＭＳＣＩ最小分散
1478,ｉシェアーズＭＳＣＩ高配当
1479,ｉＦＭＳＣＩ日本株人材設備
147A,ソラコム
1480,ＮＦ野村企業価値分配指数連動型
1481,上場日本経済貢献株
1482,ｉＳ米国債７―１０年円ヘッジ
1483,ｉＳ　ＪＰＸ／Ｓ＆Ｐ設備・人材
1484,Ｏｎｅ設備人材投資
1485,ＭＸＳ積極投資企業２００上場
1486,上場米国債券（為替ヘッジなし）
1487,上場米国債券（為替ヘッジあり）
1488,ＩＦ上場投信―東証ＲＥＩＴ
1489,ＮＦ日経平均高配当株５０指数
148A,ハッチ・ワーク
1490,上場ＭＳＣＩベータヘッジ
1491,中外鉱業
1493,Ｏｎｅ　ＪＰＸ日経中小型
1494,Ｏｎｅ高配当日本株
1495,上場アジアリート
1496,ｉＳ米ドルＩＧ社債ヘッジ
1497,ｉＳ米ドルＨＹ社債ヘッジ
1498,Ｏｎｅ　ＥＴＦ　ＥＳＧ
1499,ＭＸＳ日本株高配当７０ＭＮ
149A,シンカ
150A,ＪＳＨ
1514,住石ＨＬＤＧ
1515,日鉄鉱業
1518,三井松島ＨＬＤＧ
151A,ダイブ
153A,カウリス
1540,純金上場信託
1541,純プラチナ上場信託
1542,純銀上場信託
1543,純パラジウム上場信託
1545,ＮＦ　ＮＡＳＤＡＱ―１００ヘな
1546,ＮＦダウ・ジョーンズ工業株３０
1547,上場米国株式Ｓ＆Ｐ５００
1550,ＭＸＳ外株（ＭＳＣＩコクサイ）
1551,東証スタンダードＴＯＰ２０
1553,ＭＡＸＩＳ　Ｓ＆Ｐ東海上場投信
1554,上場ＭＳＣＩ世界株式除く日本
1555,上場豪州リート
1557,ＳＰＤＲ　Ｓ＆Ｐ５００　ＥＴＦ
1559,ＮＦタイ株式ＳＥＴ５０指数
155A,情報戦略テクノロジー
1560,ＮＦ　ＦＴＳＥブルサＫＬＣＩ
1563,東証グロース・コアＥＴＦ
1566,上場新興国債券
1568,ＴＯＰＩＸブル２倍上場投信
1569,ＴＯＰＩＸベア上場投信
156A,マテリアルグループ
1570,ＮＦ日経レバ連動型上場投信
1571,ＮＦ日経インバ連動型上場投信
1572,中国Ｈ株ブル２倍上場投信
1573,中国Ｈ株ベア上場投信
1577,ＮＦ野村日本株高配当７０連動型
1578,上場日経２２５（ミニ）
1579,日経平均ブル２倍上場投信
157A,グリーンモンスター
1580,日経平均ベア上場投信
1585,ｉＦＴＰＸ　Ｅｘ−Ｆｉｎ
1586,上場ＴＯＰＩＸ　Ｅｘ−Ｆｉｎ
1591,ＮＦ　ＪＰＸ日経４００連動型
1592,上場ＪＰＸ日経４００
1593,ＭＡＸＩＳ　ＪＰＸ日経４００
1595,ＮＺＡＭ東証ＲＥＩＴ指数
1596,ＮＺＡＭ　ＴＯＰＩＸ　Ｅｘ−Ｆ
1597,ＭＡＸＩＳ　Ｊリート上場投信
1599,ｉＦ　ＪＰＸ日経４００
159A,ＮＦ　ＪＰＸプライム１５０
1605,ＩＮＰＥＸ
160A,アズパートナーズ
1615,ＮＦ銀行業指数投信
1617,ＮＦ食品ＴＰＸ１７
1618,ＮＦエネルギー資源ＴＰＸ１７
1619,ＮＦ建設・資材ＴＰＸ１７
1620,ＮＦ素材・化学ＴＰＸ１７
1621,ＮＦ医薬品ＴＰＸ１７
1622,ＮＦ自動車・輸送機ＴＰＸ１７
1623,ＮＦ鉄鋼・非鉄ＴＰＸ１７
1624,ＮＦ機械ＴＰＸ１７
1625,ＮＦ電機・精密ＴＰＸ１７
1626,ＮＦ情報通信サービスＴＰＸ１７
1627,ＮＦ電力・ガスＴＰＸ１７
1628,ＮＦ運輸・物流ＴＰＸ１７
1629,ＮＦ商社・卸売ＴＰＸ１７
162A,ＡＩセレクトメガトレンドＥＴＮ
1630,ＮＦ小売ＴＰＸ１７
1631,ＮＦ銀行ＴＰＸ１７
1632,ＮＦ金融（除く銀行）ＴＰＸ１７
1633,ＮＦ不動産ＴＰＸ１７
163A,半導体フォーカス日本株ＥＴＮ
1651,ｉＦ　ＴＯＰＩＸ高配当４０
1652,ｉＦ　ＭＳＣＩ日本株女性活躍
1653,ｉＦ　ＭＳＣＩＥＳＧセレクト
1654,ｉＦ　ＦＴＳＥブロッサム
1655,ｉＳ　Ｓ＆Ｐ５００米国株
1656,ｉＳコア米国債７―１０年
1657,ｉＳコアＭＳＣＩ先進国株
1658,ｉＳコアＭＳＣＩ新興国株
1659,ｉＳ米国リート
165A,ＳＢＩレオスひふみ
1660,ＭＸＳ高利回りＪリート
1662,石油資源開発
1663,Ｋ＆Ｏエナジーグループ
166A,タスキＨＬＤＧ
1671,ＷＴＩ原油価格連動型上場投信
1672,ＷＴ　金
1673,ＷＴ　銀
1674,ＷＴ　白金
1675,ＷＴ　パラジウム
1676,ＷＴ　貴金属バスケット
1677,上場インデックスファンド外債
1678,ＮＦインドＮＩＦＴＹ５０
1679,ＮＹダウ・インデックス上場投信
167A,リョーサン菱洋ＨＬＤＧ
1680,上場ＭＳＣＩ―ＫＯＫＵＳＡＩ
1681,上場ＭＳＣＩ　エマージング
1684,ＷＴ　ブロード
1685,ＷＴ　エネルギー
1686,ＷＴ　産業用金属
1687,ＷＴ　農産物
1688,ＷＴ　穀物
1689,ＷＴ　天然ガス
168A,イタミアート
1690,ＷＴ　ＷＴＩ　原油
1691,ＷＴ　ガソリン
1692,ＷＴ　アルミニウム
1693,ＷＴ　銅
1694,ＷＴ　ニッケル
1695,ＷＴ　小麦
1696,ＷＴ　とうもろこし
1697,ＷＴ　大豆
1698,上場東証配当フォーカス１００
1699,ＮＦ原油インデックス連動型上場
170A,ＳＭＴ日本好配当株アクティブ
1711,ＳＤＳＨＬＤＧ
1712,ダイセキ環境ソリューション
1716,第一カッター興業
1717,明豊ファシリティワークス
1718,美樹工業
1719,安藤・間
1720,東急建設
1721,コムシスＨＬＤＧ
1723,日本電技
1724,シンクレイヤ
1726,ビーアールＨＬＤＧ
1736,オーテック
1738,ＮＩＴＴＯＨ
173A,ハンモック
1743,コーアツ工業
1757,創建エース
1758,太洋基礎工業
175A,Ｗｉｌｌ　Ｓｍａｒｔ
1762,高松コンストラクショングループ
1764,工藤建設
1766,東建コーポレーション
1768,ソネック
176A,レジル
1770,藤田エンジニアリング
1771,日本乾溜工業
1773,ワイ・ティー・エル
1776,三井住建道路
1777,川崎設備工業
177A,コージンバイオ
1780,ヤマウラ
1783,ｆａｎｔａｓｉｓｔａ
1786,オリエンタル白石
1787,ナカボーテック
1788,三東工業社
178A,ＧＸ　革新的優良企業
1793,大本組
1795,マサル
1798,守谷商会
1799,第一建設工業
179A,ＧＸ　超長期米国債　有
1801,大成建設
1802,大林組
1803,清水建設
1807,佐藤渡辺
1808,長谷工コーポレーション
180A,ＧＸ　 超長期米国債
1810,松井建設
1811,錢高組
1812,鹿島建設
1813,不動テトラ
1814,大末建設
1815,鉄建建設
181A,ＭＸＳ米国国債１−３ヘッジなし
1820,西松建設
1821,三井住友建設
1822,大豊建設
1826,佐田建設
1827,ナカノフドー建設
1828,田辺工業
182A,ＭＸＳ米国国債２０年超ヘッジ無
1832,北海電工
1833,奥村組
1835,東鉄工業
183A,ＭＸＳ米国国債２０年超ヘッジ有
1840,土屋ＨＬＤＧ
1841,サンユー建設
1844,大盛工業
1847,イチケン
1848,富士ピー・エス
184A,学びエイド
1850,南海辰村建設
1852,淺沼組
1853,森組
1860,戸田建設
1861,熊谷組
1866,北野建設
1867,植木組
1869,名工建設
186A,アストロスケールＨＬＤＧ
1870,矢作建設工業
1871,ピーエス・コンストラクション
1873,日本ハウスＨＬＤＧ
1878,大東建託
1879,新日本建設
1882,東亜道路工業
1884,日本道路
1885,東亜建設工業
1887,日本国土開発
1888,若築建設
188A,ＧＸ　インド・トップ１０＋
1890,東洋建設
1892,徳倉建設
1893,五洋建設
1897,金下建設
1898,世紀東急工業
1899,福田組
189A,Ｄ＆Ｍカンパニー
1904,大成温調
1905,テノックス
1909,日本ドライケミカル
190A,Ｃｈｏｒｄｉａ　Ｔｈｅｒａｐｅ
1911,住友林業
1914,日本基礎技術
1921,巴コーポレーション
1925,大和ハウス工業
1926,ライト工業
1928,積水ハウス
1929,日特建設
192A,インテグループ
1930,北陸電気工事
1934,ユアテック
1938,日本リーテック
1939,四電工
1941,中電工
1942,関電工
1944,きんでん
1945,東京エネシス
1946,トーエネック
1948,弘電社
1949,住友電設
194A,ＷＯＬＶＥＳ　ＨＡＮＤ
1950,日本電設工業
1951,エクシオグループ
1952,新日本空調
1959,九電工
195A,ＭＵＳＣＡＴ　ＧＲＯＵＰ
1960,サンテック
1961,三機工業
1963,日揮ＨＬＤＧ
1964,中外炉工業
1965,テクノ菱和
1966,高田工業所
1967,ヤマト
1968,太平電業
1969,高砂熱学工業
196A,ＭＦＳ
1972,三晃金属工業
1975,朝日工業社
1976,明星工業
1979,大氣社
197A,タウンズ
1980,ダイダン
1981,協和日成
1982,日比谷総合設備
198A,ＰｏｓｔＰｒｉｍｅ
1992,神田通信機
1994,高橋カーテンウォール工業
1997,暁飯島工業
1999,サイタＨＬＤＧ
2001,ニップン
2002,日清製粉グループ本社
2003,日東富士製粉
2004,昭和産業
2009,鳥越製粉
200A,ＮＦ　日経半導体株指数連動型
2011,ＳＭＤＡＭ　Ａｃｔｉｖｅ
2012,ｉＳ　米国債０−３ヶ月
2013,ｉＳ　米国高配当株
2014,ｉＳ　米国連続増配株
2015,ｉＦ米国国債７−１０年　無
2016,ｉＦ米国国債７−１０年　有
2017,ｉＦ　ＪＰＸプライム１５０
2018,グローバルＸ　ＵＳ　ＲＥＩＴ
2019,グローバルＸ　米国優先証券
201A,ｉＳ　Ｎｉｆｔｙ５０インド株
202A,豆蔵デジタルＨＬＤＧ
2031,ＮＮ香港ハンセン・ブルＥＴＮ
2032,ＮＮ香港ハンセン・ベアＥＴＮ
2033,ＮＮ韓国ＫＯＳＰＩ・ブルＥＴＮ
2034,ＮＮ韓国ＫＯＳＰＩ・ベアＥＴＮ
2036,ＮＮ金先物ダブルブルＥＴＮ
2037,ＮＮ金先物ベアＥＴＮ
2038,ＮＮドバイ原油先物ブル
2039,ＮＮドバイ原油先物ベア
2040,ＮＮ　ＮＹダウ・ダブル・ブル
2041,ＮＮ　ＮＹダウ・ベアＥＴＮ
2042,ＮＮ東証グロース２５０ＥＴＮ
2043,ＮＮ　ＳＴＯＸＸアセアン５０
2044,ＮＮ　Ｓ＆Ｐ５００配当貴族
2045,ＮＮ　Ｓ＆Ｐシンガポールリート
2046,ＮＮインド・ダブル・ブル
2047,ＮＮインドＮｉｆｔｙ・ベア
2048,ＮＮ野村日本株高配当７０ＥＴＮ
2050,ＮＮニッチトップ中小型ＥＴＮ
2053,中部飼料
2055,日和産業
2058,ヒガシマル
205A,ロゴスＨＬＤＧ
2060,フィード・ワン
2065,ＮＮ　日本株配当貴族
2066,ＮＮ　東証ＲＥＩＴドルヘッジ
2067,ＮＮ野村ＡＩビジネス７０ＥＴＮ
2068,ＮＮ高ベータ３０ＥＴＮ
2069,ＮＮ低ベータ５０ＥＴＮ
206A,ＰＲＩＳＭ　ＢｉｏＬａｂ
2070,ＥＳＧ３０ 女性活躍ＥＴＮ
2071,スマート ＥＳＧ３０総合ＥＴＮ
2072,トップシェアインデックスＥＴＮ
2073,ＥＳＧ３０低カーボンＥＴＮ
2080,ＰＢＲ１倍割れ解消推進ＥＴＦ
2081,政策保有解消推進ＥＴＦ
2082,投資家経営者一心同体ＥＴＦ
2083,ＮＦ　日本成長株アクティブ
2084,ＮＦ　日本高配当株アクティブ
2085,ＭＸＳ高配当日本株アクティブ
2086,ＮＺＡＭ　Ｓ＆Ｐ５００有
2087,ＮＺＡＭ　ＮＡＳＤＡＱ１００有
2088,ＮＺＡＭ　ＮＹダウ３０有
2089,ＮＺＡＭ　ＤＡＸ有
208A,構造計画研究所ＨＬＤＧ
2090,ＮＺＡＭ　米国国債７−１０年有
2091,ＮＺＡＭ　ドイツ国債７−１０年
2092,ＮＺＡＭ　フランス国債７−１０
2093,上場　Ｔｒａｃｅｒｓ　米国債無
2094,東証ＲＥＩＴインバース
2095,グローバルＸ　Ｓ＆Ｐ５００有
2096,グローバルＸ　オフィス・Ｊ−Ｒ
2097,グローバルＸ　レジデンシャル
2098,グローバルＸ　ホテル＆リテール
2108,日本甜菜製糖
2109,ＤＭ三井製糖
210A,ｉＦ　日経高利回りＲＥＩＴ指数
2112,塩水港精糖
2114,フジ日本
2117,ウェルネオシュガー
211A,カドス
2120,ＬＩＦＵＬＬ
2121,ＭＩＸＩ
2122,インタースペース
2124,ジェイエイシーリクルートメント
2127,日本Ｍ＆ＡセンターＨＬＤＧ
212A,フィットイージー
2130,メンバーズ
2134,北浜キャピタルパートナーズ
2136,ヒップ
2137,光ハイツ・ヴェラス
2138,クルーズ
2139,中広
213A,上場インデックスファンド日経
2146,ＵＴグループ
2148,アイティメディア
2150,ケアネット
2152,幼児活動研究会
2153,Ｅ・Ｊ　ＨＬＤＧ
2154,オープンアップグループ
2156,セーラー広告
2157,コシダカＨＬＤＧ
2158,ＦＲＯＮＴＥＯ
215A,タイミー
2160,ジーエヌアイグループ
2162,ｎｍｓ　ＨＬＤＧ
2163,アルトナー
2164,地域新聞社
2168,パソナグループ
2169,ＣＤＳ
2170,リンクアンドモチベーション
2172,インサイト
2173,博展
2175,エス・エム・エス
2179,成学社
2180,サニーサイドアップグループ
2181,パーソルＨＬＤＧ
2183,リニカル
2185,シイエム・シイ
2186,ソーバル
218A,Ｌｉｂｅｒａｗａｒｅ
2193,クックパッド
2195,アミタＨＬＤＧ
2196,エスクリ
2198,アイ・ケイ・ケイＨＬＤＧ
219A,Ｈｅａｒｔｓｅｅｄ
2201,森永製菓
2204,中村屋
2206,江崎グリコ
2207,名糖産業
2208,ブルボン
2209,井村屋グループ
220A,Ｆａｂｅｒ　Ｃｏｍｐａｎｙ
2211,不二家
2212,山崎製パン
2215,第一屋製パン
2216,カンロ
2217,モロゾフ
2218,日糧製パン
221A,ＭＸＳ日経半導体株上場投信
2220,亀田製菓
2221,岩塚製菓
2222,寿スピリッツ
2224,コモ
2226,湖池屋
2229,カルビー
2235,上場インデックスファンド米国無
2236,ＧＸ　Ｓ＆Ｐ５００　配当貴族
2237,ダイワ　Ｓ＆Ｐ５００　２ＬＥＶ
2238,ダイワ　Ｓ＆Ｐ５００　インバ
2239,上場　Ｓ＆Ｐ５００　先物レバ２
223A,ＧＸ　ＡＩ＆ビッグデータ
2240,上場　Ｓ＆Ｐ５００　先物インバ
2241,ＭＡＸＩＳ　ＮＹダウ上場投信
2242,ＭＸＳ　ＮＹダウ為替ヘッジあり
2243,グローバルＸ　半導体
2244,ＧＸ　ＵＳテック・トップ２０
2245,ＮＦ　ドイツ国債７−１０年あり
2246,ＮＦ　フランス国債７−１０年有
2247,ダイワ　Ｓ＆Ｐ５００無
2248,ダイワ　Ｓ＆Ｐ５００有
2249,ダイワ　Ｓ＆Ｐ５００　ダブル
224A,ＧＸ　ウラニウムビジネス
2250,ｉＳ　ＭＳＣＩ　ジャパン気候
2251,ＮＯＭ　ＪＰＸ国債先物　ダブル
2252,グローバルＸ　米国中小型
2253,グローバルＸ　ＳＵＰＥＲＤＩＶ
2254,グローバルＸ　ＣＮ　ＥＶ＆ＢＡ
2255,ｉＳ　米国債２０年超　ＥＴＦ
2256,ｉＳ　米国総合債券　ＥＴＦ
2257,ｉＳ　米ドル建て投資適格社債
2258,ｉＳ　米ドル建てハイイールド
2259,ｉＳ　フランス国債　７−１０有
2264,森永乳業
2266,六甲バター
2267,ヤクルト本社
2268,Ｂ―Ｒ　サーティワン　アイス
2269,明治ＨＬＤＧ
2270,雪印メグミルク
2281,プリマハム
2282,日本ハム
2286,林兼産業
2288,丸大食品
228A,オプロ
2291,福留ハム
2292,Ｓ　ＦＯＯＤＳ
2293,滝沢ハム
2294,柿安本店
2296,伊藤ハム米久ＨＬＤＧ
2300,きょくとう
2301,学情
2303,ドーン
2304,ＣＳＳ　ＨＬＤＧ
2305,スタジオアリス
2307,クロスキャット
2311,エプコ
2315,ＣＡＩＣＡ　ＤＩＧＩＴＡＬ
2317,システナ
231A,Ｃｒｏｓｓ　Ｅ　ＨＬＤＧ
2321,ソフトフロントＨＬＤＧ
2323,ｆｏｎｆｕｎ
2325,ＮＪＳ
2326,デジタルアーツ
2327,日鉄ソリューションズ
2329,東北新社
2330,フォーサイド
2331,ＡＬＳＯＫ
2332,クエスト
2334,イオレ
2335,キューブシステム
2337,いちご
2338,クオンタムソリューションズ
233A,ｉＦ　インド　Ｎｉｆｔｙ５０
2340,極楽湯ＨＬＤＧ
2341,アルバイトタイムス
2342,トランスジェニックグループ
2344,平安レイサービス
2345,クシム
2349,エヌアイデイ
234A,ＧＸ　ＭＳＣＩキャッシュフロ
2351,ＡＳＪ
2353,日本駐車場開発
2354,ＹＥ　ＤＩＧＩＴＡＬ
2359,コア
235A,ＧＸ　高配当　３０−日本株式
236A,ｉＳ　日本国債７−１０年
2370,メディネット
2371,カカクコム
2373,ケア２１
2374,セントケアＨＬＤＧ
2375,ギグワークス
2376,サイネックス
2378,ルネサンス
2379,ディップ
237A,ｉＳ　米国債２５年超
2384,ＳＢＳ　ＨＬＤＧ
2385,総医研ＨＬＤＧ
2388,ウェッジＨＬＤＧ
2389,デジタルＨＬＤＧ
238A,ｉＳ　米国債２５年超　ベッジ有
2391,プラネット
2393,日本ケアサプライ
2395,新日本科学
2404,鉄人化ＨＬＤＧ
2408,ＫＧ情報
2410,キャリアデザインセンター
2411,ゲンダイエージェンシー
2413,エムスリー
2415,ヒューマンＨＬＤＧ
2418,ツカダ・グローバルＨＬＤＧ
241A,ＲＯＸＸ
2424,ブラス
2425,ケアサービス
2428,ウェルネット
2429,ワールドＨＬＤＧ
242A,リプライオリティ
2432,ディー・エヌ・エー
2433,博報堂ＤＹ　ＨＬＤＧ
2435,シダー
2436,共同ピーアール
2437,Ｓｈｉｎｗａ　Ｗｉｓｅ　ＨＬＤ
2438,アスカネット
2440,ぐるなび
2445,タカミヤ
2449,プラップジャパン
244A,グロースエクスパートナーズ
2454,オールアバウト
2459,アウンコンサルティング
245A,ＩＮＧＳ
2461,ファンコミュニケーションズ
2462,ライク
2464,Ａｏｂａ−ＢＢＴ
2467,バルクＨＬＤＧ
2469,ヒビノ
246A,アスア
2471,エスプール
2475,ＷＤＢ　ＨＬＤＧ
2477,手間いらず
2479,ジェイテック
247A,Ａｉロボティクス
2480,システム・ロケーション
2481,タウンニュース社
2483,翻訳センター
2484,出前館
2485,ティア
2488,ＪＴＰ
2489,アドウェイズ
248A,キッズスター
2491,バリューコマース
2492,インフォマート
2493,イーサポートリンク
2497,ユナイテッド
2498,オリエンタルコンサルタンツＨＤ
2499,日本和装ＨＬＤＧ
2501,サッポロＨＬＤＧ
2502,アサヒグループＨＬＤＧ
2503,キリンＨＬＤＧ
250A,シマダヤ
2510,ＮＦ国内債券ＢＰＩ総合連動
2511,ＮＦ外国債券ヘッジなし
2512,ＮＦ外国債券ヘッジあり
2513,ＮＦ外国株式ヘッジなし
2514,ＮＦ外国株式ヘッジあり
2515,ＮＦ外国ＲＥＩＴヘッジなし
2516,東証グロース２５０ＥＴＦ
2517,ＭＸＳ　Ｊリート・コア
2518,ＮＦ日本株女性活躍連動型
2519,ＮＦ新興国債券ヘッジなし
2520,ＮＦ新興国株式ヘッジなし
2521,上場米国株式為替ヘッジあり
2522,ｉＳロボット
2523,ＭＸＳトピックス除く金融
2524,ＮＺＡＭ　ＴＯＰＩＸ
2525,ＮＺＡＭ日経２２５
2526,ＮＺＡＭ　ＪＰＸ日経４００
2527,ＮＺＡＭ東証ＲＥＩＴ　Ｃｏｒｅ
2528,ｉＦ東証ＲＥＩＴ　Ｃｏｒｅ
2529,ＮＦ野村株主還元７０連動型
2530,ＭＸＳ中国上海１８０Ａ株
2531,宝ＨＬＤＧ
2533,オエノンＨＬＤＧ
253A,ＥＴＳグループ
2540,養命酒製造
254A,ＡＩ　フュージョンキャピタルグ
2551,マルサンアイ
2552,上場Ｊリート隔月分配型ミニ
2553,Ｏｎｅ南方中国Ａ株ＣＳＩ５００
2554,ＮＦ米国社債１０年ヘッジ
2555,東証ＲＥＩＴ　ＥＴＦ
2556,Ｏｎｅ東証ＲＥＩＴ
2557,ＳＭＤＡＭトピックス上場投信
2558,ＭＡＸＩＳ米株ＳＰ５００
2559,ＭＡＸＩＳ全世界株式
255A,ジーエルテクノＨＬＤＧ
2560,ＭＡＸＩＳカーボン日本株
2561,ｉＳコア日本国債ＥＴＦ
2562,上場米株ダウ平均為替ヘッジあり
2563,ｉＳＳＰ５百米株ヘジ
2564,ＧＸスーパーディビ
2565,ＧＸロジＪリート
2566,上場日経 ＥＳＧリート
2567,ＮＺＡＭ　カーボン
2568,上場ＮＳＱ１００ヘ無
2569,上場ＮＳＱ１００ヘ有
256A,飛島ＨＬＤＧ
2573,北海道コカ・コーラボトリング
2579,コカ・コーラボトラーズＪＰＨＤ
257A,ＳＭＴ日本株厳選投資アクティブ
2585,ライフドリンク　カンパニー
2586,フルッタフルッタ
2587,サントリー食品インターナショナ
2588,プレミアムウォーターＨＬＤＧ
258A,ＳＭＴ国内リート厳選アクティブ
2590,ダイドーグループＨＬＤＧ
2593,伊藤園
2594,キーコーヒー
2597,ユニカフェ
259A,ケイ・ウノ
2602,日清オイリオグループ
2607,不二製油
260A,オルツ
2612,かどや製油
2613,Ｊ―オイルミルズ
261A,日水コン
2620,ｉＳ米国債 １−３ 年
2621,ｉＳ米国債 ２０年超ヘッジ
2622,ｉＳ米ドル建て新興国債ヘッジ
2623,ｉＳユーロ建て投資社債 ヘッジ
2624,ｉＦ日経２２５（年４回決算型）
2625,ｉＦＴＯＰＩＸ（年４回決算型）
2626,ＧＸデジタルイノベーション
2627,ＧＸｅコマース
2628,ｉＦ中国科創板５０
2629,ｉＦ中国ＧＢＡ１００
262A,インターメスティック
2630,ＭＡＸＩＳ米株Ｓ＆Ｐ５００
2631,ＭＡＸＩＳナスダック１００
2632,ＭＡＸＩＳナスダック１００ヘ
2633,ＮＦ　Ｓ＆Ｐ５００ ヘッジなし
2634,ＮＦ　Ｓ＆Ｐ５００ ヘッジあり
2635,ＮＦ　Ｓ＆Ｐ５００スコアリング
2636,ＧＸ ガバナンス・クオリティ
2637,ＧＸ　クリーンテック
2638,ＧＸ ロボティクス＆ＡＩ
2639,ＧＸ バイオ＆メドテック
2640,ＧＸ ゲーム＆アニメ
2641,ＧＸグローバルリーダーズ
2642,ＳＭＴカーボンエフィシェント
2643,ＮＦＭＳＣＩジャパンセレクト
2644,ＧＸ　半導体関連
2645,ＧＸ　レジャー＆エンターテイン
2646,ＧＸ　メタルビジネス
2647,ＮＦ米国債７―１０年ヘッジなし
2648,ＮＦ米国債７―１０年ヘッジあり
2649,ｉＳ米国政府系機関ジニ　ヘッジ
264A,Ｓｃｈｏｏ
2652,まんだらけ
2653,イオン九州
2654,アスモ
2656,ベクターＨＬＤＧ
2659,サンエー
265A,Ｈｍｃｏｍｍ
2664,カワチ薬品
2666,オートウェーブ
2667,イメージワン
2668,タビオ
2669,カネ美食品
2670,エービーシー・マート
2673,夢みつけ隊
2674,ハードオフコーポレーション
2676,高千穂交易
2678,アスクル
2681,ゲオＨＬＤＧ
2683,魚喜
2685,アダストリア
2686,ジーフット
2687,シー・ヴイ・エス・ベイエリア
2689,オルバヘルスケアＨＬＤＧ
268A,リガク・ＨＬＤＧ
2692,伊藤忠食品
2693,ＹＫＴ
2694,焼肉坂井ＨＬＤＧ
2695,くら寿司
2698,キャンドゥ
269A,Ｓａｐｅｅｔ
2700,木徳神糧
2702,日本マクドナルドＨＬＤＧ
2705,大戸屋ＨＬＤＧ
2708,久世
2721,ジェイＨＬＤＧ
2722,ＩＫＨＬＤＧ
2726,パルグループＨＬＤＧ
272A,グリーンクロスＨＬＤＧ
2730,エディオン
2733,あらた
2734,サーラコーポレーション
2735,ワッツ
2736,フェスタリアＨＬＤＧ
2737,トーメンデバイス
273A,ＳＢＩサウジアラビア株式上場投
2742,ハローズ
2743,ピクセルカンパニーズ
2747,北雄ラッキー
2749,ＪＰ　ＨＬＤＧ
274A,ガーデン
2750,石光商事
2751,テンポスＨＬＤＧ
2752,フジオフードグループ本社
2753,あみやき亭
2760,東京エレクトロン　デバイス
2762,ＳＡＮＫＯ　ＭＡＲＫＥＴＩＮＧ
2763,エフティグループ
2764,ひらまつ
2767,円谷フィールズＨＬＤＧ
2768,双日
2769,ヴィレッジヴァンガードコーポレ
276A,ククレブ・アドバイザーズ
2776,新都ＨＬＤＧ
2778,パレモＨＬＤＧ
277A,グロービング
2780,コメ兵ＨＬＤＧ
2782,セリア
2784,アルフレッサＨＬＤＧ
2788,アップルインターナショナル
2789,カルラ
278A,Ｔｅｒｒａ　Ｄｒｏｎｅ
2790,ナフコ
2791,大黒天物産
2792,ハニーズＨＬＤＧ
2795,日本プリメックス
2796,ファーマライズホールディングス
2798,ワイズテーブルコーポレーション
2801,キッコーマン
2802,味の素
2804,ブルドックソース
2805,エスビー食品
2806,ユタカフーズ
2809,キユーピー
280A,ＴＭＨ
2810,ハウス食品グループ本社
2811,カゴメ
2813,和弘食品
2814,佐藤食品工業
2815,アリアケジャパン
2816,ダイショー
2818,ピエトロ
2819,エバラ食品工業
281A,インフォメティス
2820,やまみ
282A,ＧＸ　半導体・トップ１０−日本
2830,アヲハタ
2831,はごろもフーズ
2836,ＧＸ　フィンテック日本株
2837,ＧＸ中小型リーダーズ日本
2838,ＭＸＳ米国債７―１０ヘッジなし
2839,ＭＸＳ米国債７―１０ヘッジあり
283A,ＧＸ　ＵＳテック・配当貴族
2840,ｉＦｒＥＴＦ　ＮＡＳＤ１００無
2841,ｉＦｒＥＴＦ　ＮＡＳＤ１００有
2842,ｉＦｒＥＴＦ　ＮＡＳＤ１００イ
2843,上場インファンド豪州国債有
2844,上場インファンド豪州国債無
2845,ＮＦ　ＮＳＱ１００有上場投信
2846,ＮＦ　ダウ工業株３０有上場投信
2847,ＧＸ　新成長インフラ日本株式
2848,ＧＸ　ＭＳＣＩ　気候変動日本株
2849,ＧＸ　ＭＯＲ高配当ＥＳＧ日本株
2851,ｉＳ　ＭＳＣＩ　ジャパンＳＲＩ
2852,ｉＳ　グリーンＪリート　ＥＴＦ
2853,ｉＳ　気候リスク調整世界国債
2854,ＧＸ　テック・トップ　２０
2855,ＧＸ　グリーン・ＪＲＥＩＴ
2856,ｉＳ　米国債３―７年ヘッジあり
2857,ｉＳ　ドイツ国債ヘッジあり
2858,ＧＸ　日経２２５　カバード・コ
2859,ＮＦ　ユーロ５０有　連動型投信
285A,キオクシアＨＬＤＧ
2860,ＮＦ　ドイツＤＡＸ有　連動投信
2861,上場インファンドフランス国債無
2862,上場インファンドフランス国債有
2863,ＮＦ　Ｓ＆Ｐ米国株・債券バラン
2864,ＧＸ　ロジスティクス・ＲＥＩＴ
2865,ＧＸ　ＮＡＳ１００・カバード
2866,ＧＸ　米国優先証券　ＥＴＦ
2867,ＧＸ　自動運転＆ＥＶ
2868,ＧＸ　Ｓ＆Ｐ５００・カバード
2869,ダイワＮＡＳＤＡＱ１００　レバ
286A,ユカリア
2870,ダイワＮＡＳＤＡＱ１００　ダブ
2871,ニチレイ
2872,セイヒョー
2874,横浜冷凍
2875,東洋水産
2876,デルソーレ
2877,日東ベスト
287A,黒田グループ
2882,イートアンドＨＬＤＧ
2883,大冷
2884,ヨシムラ・フード・ＨＬＤＧ
288A,ラクサス・テクノロジーズ
2892,日本食品化工
2894,石井食品
2897,日清食品ＨＬＤＧ
2901,ウェルディッシュ
2902,太陽化学
2903,シノブフーズ
2904,一正蒲鉾
2907,あじかん
2908,フジッコ
290A,Ｓｙｎｓｐｅｃｔｉｖｅ
2910,ロック・フィールド
2911,旭松食品
2914,日本たばこ産業
2915,ケンコーマヨネーズ
2916,仙波糖化工業
2917,大森屋
2918,わらべや日洋ＨＬＤＧ
2919,マルタイ
291A,リスキル
2922,なとり
2923,サトウ食品
2924,イフジ産業
2926,篠崎屋
2927,ＡＦＣ―ＨＤアムスライフ
2928,ＲＩＺＡＰグループ
2929,ファーマフーズ
2930,北の達人
2931,ユーグレナ
2932,ＳＴＩフードＨＬＤＧ
2933,紀文食品
2934,ジェイフロンティア
2935,ピックルスＨＬＤＧ
2936,ベースフード
2937,サンクゼール
2938,オカムラ食品工業
294A,ＮＦＭＳＣＩ気候変動指数連動型
295A,ＯｎｅＦＴＳＥサウジアラビアイ
2961,日本調理機
2962,テクニスコ
296A,令和アカウンティング・ＨＬＤＧ
2970,グッドライフカンパニー
2971,エスコンジャパンリート投資法人
2972,サンケイリアルエステート投資
2974,大英産業
2975,スター・マイカ・ＨＬＤＧ
2976,日本グランデ
2978,ツクルバ
2979,ＳＯＳｉＬＡ 物流リート投資
297A,アルピコＨＬＤＧ
2980,ＳＲＥ　ＨＬＤＧ
2981,ランディックス
2982,ＡＤワークスグループ
2983,アールプランナー
2984,ヤマイチエステート
2986,ＬＡ　ＨＬＤＧ
2989,東海道リート投資法人
298A,ＧＶＡ　ＴＥＣＨ
2991,ランドネット
2993,長栄
2997,ストレージ王
2998,クリアル
2999,ホームポジション
299A,ｄｅｌｙ
3001,片倉工業
3002,グンゼ
3003,ヒューリック
3004,神栄
300A,ＭＩＣ
3010,ポラリス・ＨＬＤＧ
3011,バナーズ
3020,アプライド
3021,パシフィックネット
3023,ラサ商事
3024,クリエイト
3028,アルペン
302A,ビースタイルＨＬＤＧ
3030,ハブ
3031,ラクーンＨＬＤＧ
3032,ゴルフ・ドゥ
3034,クオールＨＬＤＧ
3035,ケイティケイ
3036,アルコニックス
3038,神戸物産
303A,ｖｉｓｕｍｏ
3040,ソリトンシステムズ
3041,ビューティカダンＨＬＤＧ
3042,セキュアヴェイル
3045,カワサキ
3046,ジンズＨＬＤＧ
3047,ＴＲＵＣＫ―ＯＮＥ
3048,ビックカメラ
304A,フォルシア
3050,ＤＣＭ　ＨＬＤＧ
3053,ペッパーフードサービス
3054,ハイパー
3055,ほくやく・竹山ＨＬＤＧ
3058,三洋堂ＨＬＤＧ
3059,ヒラキ
3063,ジェイグループＨＬＤＧ
3064,ＭｏｎｏｔａＲＯ
3065,ライフフーズ
3066,ＪＢイレブン
3067,東京一番フーズ
3068,ＷＤＩ
3069,ＪＦＬＡ　ＨＬＤＧ
3070,ジェリービーンズグループ
3071,ストリーム
3073,ＤＤグループ
3075,銚子丸
3076,あいＨＬＤＧ
3077,ホリイフードサービス
3079,ディーブイエックス
3080,ジェーソン
3082,きちりＨＬＤＧ
3083,スターシーズ
3086,Ｊ．フロント　リテイリング
3087,ドトール・日レスＨＬＤＧ
3088,マツキヨココカラ＆カンパニー
3089,テクノアルファ
3091,ブロンコビリー
3092,ＺＯＺＯ
3093,トレジャー・ファクトリー
3094,スーパーバリュー
3096,オーシャンシステム
3097,物語コーポレーション
3099,三越伊勢丹ＨＬＤＧ
3101,東洋紡
3103,ユニチカ
3104,富士紡ＨＬＤＧ
3105,日清紡ＨＬＤＧ
3106,倉敷紡績
3107,ダイワボウＨＬＤＧ
3109,シキボウ
3110,日東紡績
3111,オーミケンシ
3113,ＵＮＩＶＡ・ＯａｋＨＬＤＧ
3116,トヨタ紡織
3121,マーチャント・バンカーズ
3123,サイボー
3131,シンデン・ハイテックス
3132,マクニカＨＬＤＧ
3133,海帆
3134,Ｈａｍｅｅ
3135,マーケットエンタープライズ
3136,エコノス
3137,ファンデリー
3138,富士山マガジンサービス
3139,ラクト・ジャパン
313A,ｉＳ　Ｓ＆Ｐ５００トップ２０
3140,ＢＲＵＮＯ
3141,ウエルシアＨＬＤＧ
3143,オーウイル
3148,クリエイトＳＤ　ＨＬＤＧ
314A,ｉＳ　ゴールド
3150,グリムス
3151,バイタルケーエスケーＨＬＤＧ
3153,八洲電機
3154,メディアスＨＬＤＧ
3156,レスター
3157,ジオリーブグループ
3159,丸善ＣＨＩ　ＨＬＤＧ
315A,ＧＸ　銀行高配当日本株式ＥＴＦ
3160,大光
3161,アゼアス
3166,ＯＣＨＩ　ＨＬＤＧ
3167,ＴＯＫＡＩ　ＨＬＤＧ
3168,ＭＥＲＦ
3169,ミサワ
316A,ｉＦｒｅｅＥＴＦ　ＦＡＮＧ＋
3172,ティーライフ
3173,Ｃｏｍｉｎｉｘ
3174,ハピネス・アンド・ディ
3175,エー・ピーＨＬＤＧ
3176,三洋貿易
3177,ありがとうサービス
3178,チムニー
3179,シュッピン
3180,ビューティガレージ
3181,買取王国
3182,オイシックス・ラ・大地
3183,ウイン・パートナーズ
3184,ＩＣＤＡ　ＨＬＤＧ
3185,夢展望
3186,ネクステージ
3187,ミラタップ
3189,ＡＮＡＰ　ＨＬＤＧ
318A,ＶＩＸ短期先物指数ＥＴＦ
3190,ホットマン
3191,ジョイフル本田
3192,白鳩
3193,エターナルホスピタリティグルー
3195,ジェネレーションパス
3196,ホットランドＨＬＤＧ
3197,すかいらーくＨＬＤＧ
3198,ＳＦＰ　ＨＬＤＧ
3199,綿半ＨＬＤＧ
319A,技術承継機構
3201,日本毛織
3202,ダイトウボウ
3204,トーア紡コーポレーション
3205,ダイドーリミテッド
3221,ヨシックスＨＬＤＧ
3222,ユナイテッド・スーパーマーケッ
3223,エスエルディー
3224,ゼネラル・オイスター
3226,日本アコモデーションファンド
3231,野村不動産ＨＬＤＧ
3232,三重交通グループＨＬＤＧ
3234,森ヒルズリート投資法人
3236,プロパスト
3237,イントランス
3238,セントラル総合開発
323A,フライヤー
3241,ウィル
3242,アーバネットコーポレーション
3245,ディア・ライフ
3246,コーセーアールイー
3248,アールエイジ
3249,産業ファンド投資法人
324A,ブッキングリゾート
3252,地主
325A,ＴＥＮＴＩＡＬ
3260,エスポア
3261,グランディーズ
3266,ファンドクリエーショングループ
3267,フィル・カンパニー
3269,アドバンス・レジデンス投資法人
3271,ＴＨＥグローバル社
3276,ＪＰＭＣ
3277,サンセイランディック
3279,アクティビア・プロパテ投資法人
3280,エストラスト
3281,ＧＬＰ投資法人
3282,コンフォリア・レジデン投資法人
3283,日本プロロジスリート投資法人
3284,フージャースＨＬＤＧ
3286,トラストＨＬＤＧ
3287,星野リゾート・リート投資法人
3288,オープンハウスグループ
3289,東急不動産ＨＬＤＧ
328A,ＧＸ　プライシングパワー・リー
3290,Ｏｎｅリート投資法人
3291,飯田グループＨＬＤＧ
3292,イオンリート投資法人
3293,アズマハウス
3294,イーグランド
3295,ヒューリックリート投資法人
3296,日本リート投資法人
3297,東武住販
3299,ムゲンエステート
3300,アンビション　ＤＸ　ＨＬＤＧ
3302,帝国繊維
3306,日本製麻
3309,積水ハウス・リート投資法人
330A,ＴａｌｅｎｔＸ
3315,日本コークス工業
3317,フライングガーデン
3319,ゴルフダイジェスト・オンライン
331A,メディックス
3320,クロスプラス
3321,ミタチ産業
3323,レカム
3326,ランシステム
3328,ＢＥＥＮＯＳ
3329,東和フードサービス
332A,ミーク
3333,あさひ
3341,日本調剤
3346,ヒロタグループＨＬＤＧ
3347,トラスト
3349,コスモス薬品
334A,ビジュアル・プロセッシング・ジ
3350,メタプラネット
3352,バッファロー
3353,メディカル一光グループ
3355,クリヤマＨＬＤＧ
3358,ワイエスフード
3359,ｃｏｔｔａ
335A,ミライロ
3360,シップヘルスケアＨＬＤＧ
3361,トーエル
336A,ダイナミックマッププラットフォ
3370,フジタコーポレーション
3371,ソフトクリエイトＨＬＤＧ
3372,関門海
3374,内外テック
3375,ＺＯＡ
3377,バイク王＆カンパニー
3382,セブン＆アイＨＬＤＧ
3384,アークコア
3386,コスモ・バイオ
3387,クリエイト・レストランツＨＬＤ
3388,明治電機工業
338A,ＺｅｎｍｕＴｅｃｈ
3391,ツルハＨＬＤＧ
3392,デリカフーズＨＬＤＧ
3393,スターティアＨＬＤＧ
3395,サンマルクＨＬＤＧ
3396,フェリシモ
3397,トリドールＨＬＤＧ
3399,丸千代山岡家
339A,プログレス・テクノロジーズ
3401,帝人
3402,東レ
3405,クラレ
3407,旭化成
3409,北紡
340A,ジグザグ
3415,ＴＯＫＹＯ　ＢＡＳＥ
3416,ピクスタ
3417,大木ヘルスケアＨＬＤＧ
3418,バルニバービ
3419,アートグリーン
341A,トヨコー
3420,ケー・エフ・シー
3421,稲葉製作所
3422,Ｊ−ＭＡＸ
3423,エスイー
3426,アトムリビンテック
3431,宮地エンジニアリンググループ
3433,トーカロ
3434,アルファＣｏ
3435,サンコーテクノ
3436,ＳＵＭＣＯ
3437,特殊電極
3439,三ツ知
343A,ＩＡＣＥトラベル
3440,日創グループ
3441,山王
3442,ＭＩＥコーポレーション
3443,川田テクノロジーズ
3444,菊池製作所
3445,ＲＳ　Ｔｅｃｈｎｏｌｏｇｉｅｓ
3446,ジェイテックコーポレーション
3447,信和
3449,テクノフレックス
3451,トーセイ・リート投資法人
3452,ビーロット
3454,ファーストブラザーズ
3455,ヘルスケア＆メディカル投資法人
3457,Ａｎｄ　ＤｏＨＬＤＧ
3459,サムティ・レジデンシャル投資
345A,高配当成長日本株ＥＴＮ
3461,パルマ
3462,野村不動産マスターファンド
3463,いちごホテルリート投資法人
3465,ケイアイスター不動産
3466,ラサールロジポート投資法人
3467,アグレ都市デザイン
3468,スターアジア不動産投資法人
3469,デュアルタップ
346A,ＮＦ　Ｓ＆Ｐ　５００半導体指数
3470,マリモ地方創生リート投資法人
3471,三井不動産ロジスティクスパーク
3472,日本ホテル＆レジデンシャル投資
3474,Ｇ―ＦＡＣＴＯＲＹ
3475,グッドコムアセット
3476,投資法人みらい
3477,フォーライフ
3479,ティーケーピー
3480,ジェイ・エス・ビー
3481,三菱地所物流リート投資法人
3482,ロードスターキャピタル
3484,イノベーションＨＬＤＧ
3486,グローバル・リンク・マネジメン
3487,ＣＲＥロジスティクスファンド
3488,ザイマックス・リート投資法人
3489,フェイスネットワーク
348A,ＭＸＳ読売３３３日本株上場投信
3490,アズ企画設計
3491,ＧＡ　ｔｅｃｈｎｏｌｏｇｉｅｓ
3492,タカラレーベン不動産投資法人
3494,マリオン
3495,香陵住販
3496,アズーム
3497,ＬｅＴｅｃｈ
3498,霞ヶ関キャピタル
349A,ＳＭＤＡＭＡｃｔｉｖｅグロース
3501,ＳＵＭＩＮＯＥ
3504,丸八ＨＬＤＧ
350A,デジタルグリッド
3512,日本フエルト
3513,イチカワ
3521,エコナックＨＬＤＧ
3524,日東製網
3526,芦森工業
3529,アツギ
352A,ＬＯＩＶＥ
3536,アクサスＨＬＤＧ
3537,昭栄薬品
3538,ウイルプラスＨＬＤＧ
3539,ＪＭ　ＨＬＤＧ
353A,エレベーターコミュニケーション
3540,歯愛メディカル
3541,農業総合研究所
3542,ベガコーポレーション
3543,コメダＨＬＤＧ
3544,サツドラＨＬＤＧ
3546,アレンザＨＬＤＧ
3547,串カツ田中ＨＬＤＧ
3548,バロックジャパンリミテッド
3549,クスリのアオキＨＬＤＧ
354A,ｉＦブルームバーグ日本株５０
3550,スタジオアタオ
3551,ダイニック
3553,共和レザー
3556,リネットジャパングループ
3557,ユナイテッド＆コレクティブ
3558,ジェイドグループ
3559,ピーバンドットコム
3560,ほぼ日
3561,力の源ＨＬＤＧ
3562,Ｎｏ．１
3563,ＦＯＯＤ　＆　ＬＩＦＥ　ＣＯＭ
3565,アセンテック
3566,ユニフォームネクスト
3569,セーレン
356A,ＧＸ　Ｓ＆Ｐ５００キャト１００
3571,ソトー
3577,東海染工
3580,小松マテーレ
3583,オーベクス
3591,ワコールＨＬＤＧ
3593,ホギメディカル
3597,自重堂
3598,山喜
3600,フジックス
3607,クラウディアＨＬＤＧ
3608,ＴＳＩ　ＨＬＤＧ
360A,東証ＲＥＩＴ　Ｃｏｒｅ　ＥＴＦ
3611,マツオカコーポレーション
3612,ワールド
3622,ネットイヤーグループ
3623,ビリングシステム
3624,アクセルマーク
3625,テックファームＨＬＤＧ
3626,ＴＩＳ
3627,テクミラＨＬＤＧ
3628,データホライゾン
3632,グリーＨＬＤＧ
3633,ＧＭＯペパボ
3634,ソケッツ
3635,コーエーテクモＨＬＤＧ
3636,三菱総合研究所
3639,ボルテージ
363A,ｉＦ英国　ＦＴＳＥ１００
3640,電算
3641,パピレス
3645,メディカルネット
3646,駅探
3647,ジー・スリーＨＬＤＧ
3648,ＡＧＳ
3649,ファインデックス
364A,ＮＦ　Ｓ＆Ｐ　５００配当貴族
3652,ディジタルメディアプロ
3653,モルフォ
3655,ブレインパッド
3656,ＫＬａｂ
3657,ポールトゥウィンＨＬＤＧ
3659,ネクソン
365A,伊澤タオル
3660,アイスタイル
3661,エムアップＨＬＤＧ
3662,エイチームＨＬＤＧ
3663,セルシス
3664,モブキャストＨＬＤＧ
3665,エニグモ
3667,ｅｎｉｓｈ
3668,コロプラ
366A,ウェルネス・コミュニケーション
3670,協立情報通信
3671,ソフトマックス
3672,オルトプラス
3673,ブロードリーフ
3674,オークファン
3675,クロス・マーケティンググループ
3676,デジタルハーツＨＬＤＧ
3678,メディアドゥ
3679,じげん
367A,プリモグローバルＨＬＤＧ
3680,ホットリンク
3681,ブイキューブ
3682,エンカレッジ・テクノロジ
3683,サイバーリンクス
3686,ディー・エル・イー
3687,フィックスターズ
3688,ＣＡＲＴＡ　ＨＬＤＧ
368A,北里
3690,イルグルム
3691,デジタルプラス
3692,ＦＦＲＩセキュリティ
3694,オプティム
3695,ＧＭＯリサーチ＆ＡＩ
3696,セレス
3697,ＳＨＩＦＴ
3698,ＣＲＩ・ミドルウェア
369A,エータイ
3708,特種東海製紙
3710,ジョルダン
3712,情報企画
3719,ＡＩストーム
3723,日本ファルコム
3726,フォーシーズＨＤ
3727,アプリックス
372A,レント
3733,ソフトウェア・サービス
3739,コムシード
373A,リップス
3741,セック
3744,サイオス
3747,インタートレード
3750,ＡＤＲ１２０Ｓ
3753,フライトソリューションズ
3758,アエリア
3760,ケイブ
3762,テクマトリックス
3763,プロシップ
3765,ガンホー・オンライン
3766,システムズ・デザイン
3768,リスクモンスター
3769,ＧＭＯペイメントゲートウェイ
376A,ＮＦブルームバーグ米国７−１０
3770,ザッパラス
3771,システムリサーチ
3772,ウェルス・マネジメント
3773,アドバンスト・メディア
3774,インターネットイニシアティブ
3775,ガイアックス
3776,ブロードバンドタワー
3777,環境フレンドリーＨＬＤＧ
3778,さくらインターネット
3779,ジェイ・エスコムＨＬＤＧ
377A,エージェントＩＧＨＬＤＧ
3787,テクノマセマティカル
3788,ＧＭＯグローバルサイン・ＨＬＤ
378A,ヒット
3791,ＩＧポート
3793,ドリコム
3796,いい生活
3798,ＵＬＳグループ
3799,キーウェアソリューションズ
379A,ＧＸ　Ｓ＆Ｐ５００　ＥＴＦ
3800,ユニリタ
3802,エコミック
3803,イメージ情報開発
3804,システム　ディ
3807,フィスコ
3808,オウケイウェイヴ
380A,ＧＸ　チャイナテック　ＥＴＦ
3810,サイバーステップ
3814,アルファクス・フード・システム
3815,メディア工房
3816,大和コンピューター
3817,ＳＲＡ　ＨＬＤＧ
381A,ｉＦ米国国債３−５年ヘッジなし
3823,ＴＨＥ　ＷＨＹ　ＨＯＷ　ＤＯ
3824,メディアファイブ
3825,リミックスポイント
3826,システムインテグレータ
382A,ｉＦ米国国債３−５年ヘッジあり
3834,朝日ネット
3835,ｅＢＡＳＥ
3836,アバントグループ
3837,アドソル日進
3839,ＯＤＫソリューションズ
383A,ＭＸＳ　Ｓ＆Ｐ５００均等ウェイ
3840,パス
3841,ジーダット
3842,ネクストジェン
3843,フリービット
3844,コムチュア
3845,アイフリークモバイル
3847,パシフィックシステム
3848,データ・アプリケーション
3849,日本テクノ・ラボ
3850,エヌ・ティ・ティ・データ・イン
3851,日本一ソフトウェア
3853,アステリア
3854,アイル
3856,Ａｂａｌａｎｃｅ
3858,ユビキタスＡＩ
3861,王子ＨＬＤＧ
3863,日本製紙
3864,三菱製紙
3865,北越コーポレーション
386A,みのや
3877,中越パルプ工業
3878,巴川
387A,フラー
3880,大王製紙
3891,ニッポン高度紙工業
3892,岡山製紙
3895,ハビックス
3896,阿波製紙
3900,クラウドワークス
3901,マークラインズ
3902,メディカル・データ・ビジョン
3903,ｇｕｍｉ
3904,カヤック
3905,データセクション
3907,シリコンスタジオ
3908,コラボス
3909,ショーケース
3910,エムケイシステム
3911,Ａｉｍｉｎｇ
3912,モバイルファクトリー
3913,ＧｒｅｅｎＢｅｅ
3914,ＪＩＧ―ＳＡＷ
3915,テラスカイ
3916,デジタル・インフォメーション
3917,アイリッジ
3918,ＰＣＩ　ＨＬＤＧ
391A,山忠
3920,アイビーシー
3921,ネオジャパン
3922,ＰＲ　ＴＩＭＥＳ
3923,ラクス
3924,ランドコンピュータ
3925,ダブルスタンダード
3926,オープンドア
3927,フーバーブレイン
3928,マイネット
3929,ソーシャルワイヤー
392A,ｉＳ　ＮＡＳＤＡＱ　トップ３０
3930,はてな
3931,バリューゴルフ
3932,アカツキ
3933,チエル
3934,ベネフィットジャパン
3935,エディア
3936,グローバルウェイ
3937,Ｕｂｉｃｏｍ　ＨＬＤＧ
3939,カナミックネットワーク
3940,ノムラシステムコーポレーション
3941,レンゴー
3943,大石産業
3944,古林紙工
3945,スーパーバッグ
3946,トーモク
3947,ダイナパック
3948,光ビジネスフォーム
394A,業界改革厳選ＥＴＦテレビ業界
3950,ザ・パック
3951,朝日印刷
3953,大村紙業
3954,昭和パックス
3955,イムラ
3958,笹徳印刷
395A,業界改革厳選ＥＴＦ地銀
3961,シルバーエッグ・テクノロジー
3962,チェンジＨＬＤＧ
3963,シンクロ・フード
3964,オークネット
3965,キャピタル・アセット・プランニ
3967,エルテス
3968,セグエグループ
3969,エイトレッド
396A,業界改革厳選ＥＴＦＲＥＩＴイベ
3970,イノベーション
3974,ＳＣＡＴ
3976,シャノン
3977,フュージョン
3979,うるる
3981,ビーグリー
3983,オロ
3984,ユーザーローカル
3985,テモナ
3986,ビーブレイクシステムズ
3987,エコモット
3988,ＳＹＳ　ＨＬＤＧ
3989,シェアリングテクノロジー
398A,リアルクオリティ
3991,ウォンテッドリー
3992,ニーズウェル
3993,ＰＫＳＨＡ　Ｔｅｃｈｎｏｌｏｇ
3994,マネーフォワード
3996,サインポスト
3997,トレードワークス
3998,すららネット
399A,上場インデックス日経高配５０
4004,レゾナック・ＨＬＤＧ
4005,住友化学
4008,住友精化
4011,ヘッドウォータース
4012,アクシス
4013,勤次郎
4014,カラダノート
4015,ペイクラウドＨＬＤＧ
4016,ＭＩＴ　ＨＬＤＧ
4017,クリーマ
4018,Ｇｅｏｌｏｃａｔｉｏｎ　Ｔｅｃ
4019,スタメン
401A,霞ヶ関ホテルリート投資法人
4020,ビートレンド
4021,日産化学
4022,ラサ工業
4023,クレハ
4025,多木化学
4026,神島化学工業
4027,テイカ
4028,石原産業
402A,アクセルスペースＨＬＤＧ
4031,片倉コープアグリ
403A,北條組
4040,南海化学
4041,日本曹達
4042,東ソー
4043,トクヤマ
4044,セントラル硝子
4045,東亞合成
4046,大阪ソーダ
4047,関東電化工業
4051,ＧＭＯ　フィナンシャルゲート
4052,フィーチャ
4053,Ｓｕｎ　Ａｓｔｅｒｉｓｋ
4054,日本情報クリエイト
4055,ティアンドエスグループ
4056,ニューラルグループ
4057,インターファクトリー
4058,トヨクモ
4059,まぐまぐ
4060,ｒａｋｕｍｏ
4061,デンカ
4062,イビデン
4063,信越化学工業
4064,日本カーバイド工業
4068,ベイシス
4069,ＢｌｕｅＭｅｍｅ
4071,プラスアルファコンサルティング
4072,電算システムＨＬＤＧ
4073,ジィ・シィ企画
4074,ラキール
4075,ブレインズテクノロジー
4076,シイエヌエス
4078,堺化学工業
4080,田中化学研究所
4082,第一稀元素化学工業
4088,エア・ウォーター
4091,日本酸素ＨＤ
4092,日本化学工業
4093,東邦アセチレン
4094,日本化学産業
4095,日本パーカライジング
4097,高圧ガス工業
4098,チタン工業
4099,四国化成ＨＬＤＧ
4100,戸田工業
4102,丸尾カルシウム
4107,伊勢化学工業
4109,ステラ　ケミファ
4112,保土谷化学工業
4113,田岡化学工業
4114,日本触媒
4116,大日精化工業
4118,カネカ
4119,日本ピグメントＨＬＤＧ
4120,スガイ化学工業
4124,大阪油化工業
4125,三和油化工業
4151,協和キリン
4165,プレイド
4166,かっこ
4167,ココペリ
4168,ヤプリ
4169,ＥＮＥＣＨＡＮＧＥ
4170,Ｋａｉｚｅｎ　Ｐｌａｔｆｏｒｍ
4171,グローバルインフォメーション
4172,東和ハイシステム
4174,アピリッツ
4175,ｃｏｌｙ
4176,ココナラ
4177,Ｉ−ＰＬＵＧ
4178,Ｓｈａｒｉｎｇ　Ｉｎｎｏｖａｔ
4179,ジーネクスト
4180,Ａｐｐｉｅｒ　Ｇｒｏｕｐ
4182,三菱瓦斯化学
4183,三井化学
4186,東京応化工業
4187,大阪有機化学工業
4188,三菱ケミカルグループ
4189,ＫＨネオケム
4192,スパイダープラス
4193,ファブリカＨＬＤＧ
4194,ビジョナル
4196,ネオマーケティング
4197,アスマーク
4198,テンダ
4199,ワンダープラネット
4202,ダイセル
4203,住友ベークライト
4204,積水化学工業
4205,日本ゼオン
4206,アイカ工業
4208,ＵＢＥ
4212,積水樹脂
4216,旭有機材
4218,ニチバン
4220,リケンテクノス
4221,大倉工業
4222,児玉化学工業
4224,ロンシール工業
4228,積水化成品工業
4229,群栄化学工業
4231,タイガースポリマー
4234,サンエー化研
4235,ウルトラファブリックスＨＬＤＧ
4237,フジプレアム
4238,ミライアル
4240,クラスターテクノロジー
4241,アテクト
4242,タカギセイコー
4243,ニックス
4245,ダイキアクシス
4246,ダイキョーニシカワ
4247,ポバール興業
4248,竹本容器
4249,森六
4250,フロンティア
4251,恵和
4255,ＴＨＥＣＯＯ
4256,サインド
4258,網屋
4259,エクサウィザーズ
4260,ハイブリッドテクノロジーズ
4261,アジアクエスト
4262,ニフティライフスタイル
4263,サスメド
4264,セキュア
4265,Ｉｎｓｔｉｔｕｔｉｏｎ　ｆｏｒ
4270,ＢｅｅＸ
4272,日本化薬
4274,細谷火工
4275,カーリット
4284,ソルクシーズ
4286,ＣＬＨＬＤＧ
4287,ジャストプランニング
4288,アズジェント
4290,プレステージ・インターナショナ
4293,セプテーニＨＬＤＧ
4299,ハイマックス
4301,アミューズ
4307,野村総合研究所
4308,Ｊストリーム
4310,ドリームインキュベータ
4316,ビーマップ
4317,レイ
4318,クイック
4319,ＴＡＣ
4320,ＣＥ　ＨＬＤＧ
4323,日本システム技術
4324,電通グループ
4326,インテージＨＬＤＧ
4331,テイクアンドギヴ・ニーズ
4333,東邦システムサイエンス
4334,ユークス
4335,ＩＰＳ　ＨＬＤＧ
4337,ぴあ
4341,西菱電機
4343,イオンファンタジー
4344,ソースネクスト
4345,シーティーエス
4346,ＮＥＸＹＺ．Ｇｒｏｕｐ
4347,ブロードメディア
4350,メディカルシステムネットワーク
4351,山田再生系債権回収総合事務所
4356,応用技術
4360,マナック・ケミカル・パートナー
4361,川口化学工業
4362,日本精化
4365,松本油脂製薬
4366,ダイトーケミックス
4367,広栄化学
4368,扶桑化学工業
4369,トリケミカル研究所
4370,モビルス
4371,コアコンセプト・テクノロジー
4372,ユミルリンク
4373,シンプレクス・ＨＬＤＧ
4374,ＲＯＢＯＴ ＰＡＹＭＥＮＴ
4375,セーフィー
4376,くふうカンパニーＨＬＤＧ
4377,ワンキャリア
4378,ＣＩＮＣ
4379,Ｐｈｏｔｏｓｙｎｔｈ
4380,Ｍマート
4381,ビープラッツ
4382,ＨＥＲＯＺ
4384,ラクスル
4385,メルカリ
4386,ＳＩＧグループ
4387,ＺＵＵ
4388,エーアイ
4389,プロパティデータバンク
4390,ＩＰＳ
4391,ロジザード
4392,ＦＩＧ
4393,バンク・オブ・イノベーション
4394,エクスモーション
4395,アクリート
4396,システムサポートＨＬＤＧ
4397,チームスピリット
4398,ブロードバンドセキュリティ
4401,ＡＤＥＫＡ
4403,日油
4404,ミヨシ油脂
4406,新日本理化
4409,東邦化学工業
4410,ハリマ化成グループ
4412,サイエンスアーツ
4413,ボードルア
4414,フレクト
4415,ブロードエンタープライズ
4416,Ｔｒｕｅ　Ｄａｔａ
4417,グローバルセキュリティエキスパ
4418,ＪＤＳＣ
4419,ＦｉｎａｔｅｘｔＨＬＤＧ
4420,イーソル
4421,ディ・アイ・システム
4422,ＶＡＬＵＥＮＥＸ
4424,Ａｍａｚｉａ
4425,Ｋｕｄａｎ
4427,ＥｄｕＬａｂ
4428,シノプス
4429,リックソフト
4430,東海ソフト
4431,スマレジ
4432,ウイングアーク１ｓｔ
4433,ヒト・コミュニケーションズＨＤ
4434,サーバーワークス
4436,ミンカブ・ジ・インフォノイド
4437,ｇｏｏｄｄａｙｓ　ＨＬＤＧ
4438,Ｗｅｌｂｙ
4439,東名
4440,ヴィッツ
4441,トビラシステムズ
4442,バルテス・ＨＬＤＧ
4443,Ｓａｎｓａｎ
4444,インフォネット
4445,リビン・テクノロジーズ
4446,Ｌｉｎｋ−Ｕグループ
4447,ピー・ビーシステムズ
4448,ｋｕｂｅｌｌ
4449,ギフティ
4450,パワーソリューションズ
4452,花王
4461,第一工業製薬
4462,石原ケミカル
4463,日華化学
4464,ソフト９９コーポレーション
4465,ニイタカ
4471,三洋化成工業
4475,ＨＥＮＮＧＥ
4476,ＡＩ　ＣＲＯＳＳ
4477,ＢＡＳＥ
4478,フリー
4479,マクアケ
4480,メドレー
4481,ベース
4482,ウィルズ
4483,ＪＭＤＣ
4484,ランサーズ
4486,ユナイトアンドグロウ
4487,スペースマーケット
4488,ＡＩ　ｉｎｓｉｄｅ
4490,ビザスク
4491,コンピューターマネージメント
4492,ゼネテック
4493,サイバーセキュリティクラウド
4494,バリオセキュア
4495,アイキューブドシステムズ
4496,コマースＯｎｅ　ＨＬＤＧ
4498,サイバートラスト
4499,Ｓｐｅｅｅ
4502,武田薬品工業
4503,アステラス製薬
4506,住友ファーマ
4507,塩野義製薬
4512,わかもと製薬
4516,日本新薬
4519,中外製薬
4521,科研製薬
4523,エーザイ
4524,森下仁丹
4526,理研ビタミン
4527,ロート製薬
4528,小野薬品工業
4530,久光製薬
4531,有機合成薬品工業
4534,持田製薬
4536,参天製薬
4538,扶桑薬品工業
4539,日本ケミファ
4540,ツムラ
4543,テルモ
4544,Ｈ．Ｕ．グループＨＬＤＧ
4547,キッセイ薬品工業
4548,生化学工業
4549,栄研化学
4551,鳥居薬品
4552,ＪＣＲファーマ
4553,東和薬品
4554,富士製薬工業
4556,カイノス
4558,中京医薬品
4559,ゼリア新薬工業
4563,アンジェス
4564,オンコセラピー・サイエンス
4565,ネクセラファーマ
4568,第一三共
4569,杏林製薬
4570,免疫生物研究所
4571,ＮＡＮＯ　ＭＲＮＡ
4572,カルナバイオサイエンス
4574,大幸薬品
4575,キャンバス
4576,デ・ウエスタン・セラピテクス
4577,ダイト
4578,大塚ＨＬＤＧ
4579,ラクオリア創薬
4582,シンバイオ製薬
4583,カイオム・バイオサイエンス
4584,キッズウェル・バイオ
4586,メドレックス
4587,ペプチドリーム
4588,オンコリスバイオファーマ
4591,リボミック
4592,サンバイオ
4593,ヘリオス
4594,ブライトパス・バイオ
4595,ミズホメディー
4596,窪田製薬ＨＬＤＧ
4597,ソレイジア・ファーマ
4598,Ｄｅｌｔａ―Ｆｌｙ　Ｐｈａｒｍ
4599,ステムリム
4611,大日本塗料
4612,日本ペイントＨＬＤＧ
4613,関西ペイント
4615,神東塗料
4616,川上塗料
4617,中国塗料
4619,日本特殊塗料
4620,藤倉化成
4623,アサヒペン
4624,イサム塗料
4625,アトミクス
4626,太陽ＨＬＤＧ
4627,ナトコ
4628,エスケー化研
4629,大伸化学
4631,ＤＩＣ
4633,サカタインクス
4634,ａｒｔｉｅｎｃｅ
4635,東京インキ
4641,アルプス技研
4642,オリジナル設計
4644,イマジニア
4645,市進ＨＬＤＧ
4650,ＳＤエンターテイメント
4651,サニックスＨＬＤＧ
4657,環境管理センター
4658,日本空調サービス
4659,エイジス
4661,オリエンタルランド
4662,フォーカスシステムズ
4664,アール・エス・シー
4665,ダスキン
4666,パーク２４
4667,アイサンテクノロジー
4668,明光ネットワークジャパン
4671,ファルコＨＬＤＧ
4673,川崎地質
4674,クレスコ
4676,フジ・メディアＨＬＤＧ
4678,秀英予備校
4679,田谷
4680,ラウンドワン
4681,リゾートトラスト
4684,オービック
4685,菱友システムズ
4686,ジャストシステム
4687,ＴＤＣソフト
4689,ＬＩＮＥヤフー
4690,日本パレットプール
4691,ワシントンホテル
4694,ビー・エム・エル
4704,トレンドマイクロ
4705,クリップコーポレーション
4707,キタック
4709,ＩＤ　ＨＬＤＧ
4712,ＫｅｙＨｏｌｄｅｒ
4714,リソー教育
4716,日本オラクル
4718,早稲田アカデミー
4719,アルファシステムズ
4720,城南進学研究社
4722,フューチャー
4725,ＣＡＣ　ＨＬＤＧ
4728,トーセ
4732,ユー・エス・エス
4733,オービックビジネスコンサルタン
4735,京進
4736,日本ラッド
4743,アイティフォー
4745,東京個別指導学院
4746,東計電算
4750,ダイサン
4751,サイバーエージェント
4752,昭和システムエンジニアリング
4754,トスネット
4755,楽天グループ
4760,アルファ
4761,さくらケーシーエス
4762,エックスネット
4763,クリーク・アンド・リバー社
4765,ＳＢＩグローバルアセットマネジ
4766,ピーエイ
4767,テー・オー・ダブリュー
4768,大塚商会
4769,ＩＣ
4771,エフアンドエム
4772,ＳＭ　ＥＮＴＥＲＴＡＩＮＭＥＮ
4776,サイボウズ
4777,ガーラ
4783,ＮＣＤ
4784,ＧＭＯインターネット
4792,山田コンサルティンググループ
4800,オリコン
4801,セントラルスポーツ
4809,パラカ
4811,ドリーム・アーツ
4812,電通総研
4813,ＡＣＣＥＳＳ
4814,ネクストウェア
4816,東映アニメーション
4819,デジタルガレージ
4820,イーエムシステムズ
4825,ウェザーニューズ
4826,ＣＩＪ
4827,ビジネス・ワンＨＬＤＧ
4828,ビジネスエンジニアリング
4829,日本エンタープライズ
4832,ＪＦＥシステムズ
4833,Ｄｅｆ　ｃｏｎｓｕｌｔｉｎｇ
4834,キャリアバンク
4838,スペースシャワーＳＫＩＹＡＫＩ
4839,ＷＯＷＯＷ
4840,トライアイズ
4845,スカラ
4847,インテリジェント　ウェイブ
4848,フルキャストＨＬＤＧ
4849,エン・ジャパン
4875,メディシノバ
4880,セルソース
4881,ファンペップ
4882,ペルセウスプロテオミクス
4883,モダリス
4884,クリングルファーマ
4885,室町ケミカル
4886,あすか製薬ＨＬＤＧ
4887,サワイグループＨＬＤＧ
4888,ステラファーマ
4889,レナサイエンス
4890,坪田ラボ
4891,ティムス
4892,サイフューズ
4893,ノイルイミューン・バイオ
4894,クオリプス
4896,ケイファーマ
4901,富士フイルムＨＬＤＧ
4902,コニカミノルタ
4911,資生堂
4912,ライオン
4914,高砂香料工業
4917,マンダム
4918,アイビー化粧品
4919,ミルボン
4920,日本色材工業研究所
4922,コーセー
4923,コタ
4925,ハーバー研究所
4926,シーボン
4927,ポーラ・オルビスＨＬＤＧ
4928,ノエビアＨＬＤＧ
4929,アジュバンＨＬＤＧ
4931,新日本製薬
4932,アルマード
4933,Ｉ−ｎｅ
4934,プレミアアンチエイジング
4935,リベルタ
4936,アクシージア
4937,Ｗａｑｏｏ
4951,エステー
4956,コニシ
4957,ヤスハラケミカル
4958,長谷川香料
4960,ケミプロ化成
4966,上村工業
4967,小林製薬
4968,荒川化学工業
4970,東洋合成工業
4971,メック
4972,綜研化学
4973,日本高純度化学
4974,タカラバイオ
4975,ＪＣＵ
4976,東洋ドライルーブ
4977,新田ゼラチン
4978,リプロセル
4979,ＯＡＴアグリオ
4980,デクセリアルズ
4985,アース製薬
4990,昭和化学工業
4992,北興化学工業
4994,大成ラミックグループ
4995,サンケイ化学
4996,クミアイ化学工業
4997,日本農薬
4998,フマキラー
5009,富士興産
5010,日本精蝋
5011,ニチレキグループ
5013,ユシロ
5015,ビーピー・カストロール
5016,ＪＸ金属
5017,富士石油
5018,ＭＯＲＥＳＣＯ
5019,出光興産
5020,ＥＮＥＯＳ　ＨＬＤＧ
5021,コスモエネルギーＨＬＤＧ
5025,マーキュリー
5026,トリプルアイズ
5027,ＡｎｙＭｉｎｄ　Ｇｒｏｕｐ
5028,セカンドサイトアナリティカ
5029,サークレイス
5031,モイ
5032,ＡＮＹＣＯＬＯＲ
5033,ヌーラボ
5034,ｕｎｅｒｒｙ
5035,ＨＯＵＳＥＩ
5036,日本ビジネスシステムズ
5038,ｅＷｅＬＬ
5039,キットアライブ
5070,ドラフト
5071,ヴィス
5074,テスＨＬＤＧ
5075,アップコン
5076,インフロニア・ＨＬＤＧ
5078,セレ
5079,ノバック
5101,横浜ゴム
5103,昭和ＨＬＤＧ
5105,ＴＯＹＯ　ＴＩＲＥ
5108,ブリヂストン
5110,住友ゴム工業
5121,藤倉コンポジット
5122,オカモト
5125,ファインズ
5126,ポーターズ
5129,ＦＩＸＥＲ
5131,リンカーズ
5132,ｐｌｕｓｚｅｒｏ
5133,テリロジーＨＬＤＧ
5134,ＰＯＰＥＲ
5136,ｔｒｉｐｌａ
5137,スマートドライブ
5138,Ｒｅｂａｓｅ
5139,オープンワーク
5142,アキレス
5161,西川ゴム工業
5162,朝日ラバー
5184,ニチリン
5185,フコク
5186,ニッタ
5187,クリエートメディック
5189,櫻護謨
5191,住友理工
5192,三ツ星ベルト
5194,相模ゴム工業
5195,バンドー化学
5199,不二ラテックス
5201,ＡＧＣ
5202,日本板硝子
5204,石塚硝子
5208,有沢製作所
5210,日本山村硝子
5214,日本電気硝子
5216,倉元製作所
5218,オハラ
5232,住友大阪セメント
5233,太平洋セメント
5237,ノザワ
5240,ｍｏｎｏＡＩ　ｔｅｃｈｎｏｌｏ
5241,日本オーエー研究所
5242,アイズ
5243,ｎｏｔｅ
5244,ｊｉｇ．ｊｐ
5246,ＥＬＥＭＥＮＴＳ
5247,ＢＴＭ
5248,テクノロジーズ
5250,プライム・ストラテジー
5252,日本ナレッジ
5253,カバー
5254,Ａｒｅｎｔ
5255,モンスターラボ
5256,Ｆｕｓｉｃ
5257,ノバシステム
5258,トランザクション・メディア・
5259,ＢＢＤイニシアティブ
5261,リソルＨＬＤＧ
5262,日本ヒューム
5268,旭コンクリート工業
5269,日本コンクリート工業
5271,トーヨーアサノ
5273,三谷セキサン
5279,日本興業
5280,ヨシコン
5282,ジオスター
5283,高見澤
5284,ヤマウＨＬＤＧ
5285,ヤマックス
5287,イトーヨーギョー
5288,アジアパイルＨＬＤＧ
5290,ベルテクスコーポレーション
5301,東海カーボン
5302,日本カーボン
5304,ＳＥＣカーボン
5310,東洋炭素
5331,ノリタケ
5332,ＴＯＴＯ
5333,日本碍子
5334,日本特殊陶業
5337,ダントーＨＬＤＧ
5341,ＡＳＡＨＩ　ＥＩＴＯＨＬＤＧ
5342,ジャニス工業
5343,ニッコー
5344,ＭＡＲＵＷＡ
5351,品川リフラクトリーズ
5352,黒崎播磨
5355,日本坩堝
5356,美濃窯業
5357,ヨータイ
5363,東京窯業
5367,ニッカトー
5368,日本インシュレーション
5380,新東
5381,Ｍｉｐｏｘ
5384,フジミインコーポレーテッド
5386,鶴弥
5388,クニミネ工業
5391,エーアンドエーマテリアル
5393,ニチアス
5401,日本製鉄
5406,神戸製鋼所
5408,中山製鋼所
5410,合同製鐵
5411,ＪＦＥＨＬＤＧ
5423,東京製鐵
5440,共英製鋼
5444,大和工業
5445,東京鐵鋼
5446,北越メタル
5449,大阪製鐵
5451,淀川製鋼所
5458,高砂鐵工
5461,中部鋼鈑
5463,丸一鋼管
5464,モリ工業
5471,大同特殊鋼
5476,日本高周波鋼業
5480,日本冶金工業
5482,愛知製鋼
5484,東北特殊鋼
5491,日本金属
5527,ｐｒｏｐｅｒｔｙ　ｔｅｃｈｎｏ
5530,日本システムバンク
5532,リアルゲイト
5533,エリッツＨＬＤＧ
5535,ミガロＨＬＤＧ
5541,大平洋金属
5542,新報国マテリアル
5563,新日本電工
5570,ジェノバ
5571,エキサイトＨＬＤＧ
5572,Ｒｉｄｇｅ−ｉ
5574,ＡＢＥＪＡ
5575,Ｇｌｏｂｅｅ
5576,オービーシステム
5577,アイデミー
5578,ＡＲアドバンストテクノロジ
5579,ＧＳＩ
5580,プロディライト
5582,グリッド
5586,Ｌａｂｏｒｏ．ＡＩ
5587,インバウンドプラットフォーム
5588,ファーストアカウンティング
5589,オートサーバー
5590,ネットスターズ
5591,ＡＶＩＬＥＮ
5592,くすりの窓口
5595,ＱＰＳ研究所
5596,アウトルックコンサルティング
5597,ブルーイノベーション
5599,Ｓ＆Ｊ
5602,栗本鐵工所
5603,虹技
5607,中央可鍛工業
5609,日本鋳造
5612,日本鋳鉄管
5616,雨風太陽
5618,ナイル
5619,マーソ
5621,ヒューマンテクノロジーズ
5631,日本製鋼所
5632,三菱製鋼
5644,メタルアート
5658,日亜鋼業
5659,日本精線
5660,神鋼鋼線工業
5695,パウダーテック
5697,サンユウ
5698,エンビプロＨＬＤＧ
5699,イボキン
5702,大紀アルミニウム工業所
5703,日本軽金属ＨＬＤＧ
5704,ＪＭＣ
5706,三井金属鉱業
5707,東邦亜鉛
5711,三菱マテリアル
5713,住友金属鉱山
5714,ＤＯＷＡ　ＨＬＤＧ
5715,古河機械金属
5721,エス・サイエンス
5724,アサカ理研
5726,大阪チタニウムテクノロジーズ
5727,東邦チタニウム
5729,日本精鉱
5741,ＵＡＣＪ
5742,エヌアイシ・オートテック
5753,日本伸銅
5757,ＣＫサンエツ
5801,古河電気工業
5802,住友電気工業
5803,フジクラ
5805,ＳＷＣＣ
5816,オーナンバ
5817,ＪＭＡＣＳ
5819,カナレ電気
5820,三ッ星
5821,平河ヒューテック
5830,いよぎんＨＬＤＧ
5831,しずおかＦＧ
5832,ちゅうぎんＦＧ
5834,ＳＢＩリーシングサービス
5838,楽天銀行
5842,インテグラル
5843,ニッポンインシュア
5844,京都ＦＧ
5845,全保連
5851,リョービ
5852,アーレスティ
5856,エルアイイーエイチ
5857,ＡＲＥＨＬＤＧ
5858,ＳＴＧ
5867,エスネットワークス
5868,ロココ
5869,早稲田学習研究会
5870,ナルネットコミュニケーションズ
5871,ＳＯＬＩＺＥ　ＨＬＤＧ
5884,クラダシ
5885,ジーデップ・アドバンス
5888,ＤＡＩＷＡ　ＣＹＣＬＥ
5889,Ｊａｐａｎ　Ｅｙｅｗｅａｒ　Ｈ
5891,魁力屋
5892,ｙｕｔｏｒｉ
5900,ダイケン
5901,東洋製罐グループＨＬＤＧ
5902,ホッカンＨＬＤＧ
5903,シンポ
5905,日本製罐
5906,エムケー精工
5909,コロナ
5911,横河ブリッジＨＬＤＧ
5915,駒井ハルテック
5918,瀧上工業
5921,川岸工業
5922,那須電機鉄工
5923,高田機工
5928,アルメタックス
5929,三和ＨＬＤＧ
5930,文化シヤッター
5932,三協立山
5933,アルインコ
5936,東洋シヤッター
5938,ＬＩＸＩＬ
5939,大谷工業
5940,不二サッシ
5941,中西製作所
5942,日本フイルコン
5943,ノーリツ
5945,天龍製鋸
5946,長府製作所
5947,リンナイ
5949,ユニプレス
5950,日本パワーファスニング
5951,ダイニチ工業
5952,アマテイ
5953,昭和鉄工
5955,ワイズＨＬＤＧ
5956,トーソー
5957,日東精工
5958,三洋工業
5959,岡部
5962,浅香工業
5965,フジマック
5966,京都機械工具
5967,ＴＯＮＥ
5969,ロブテックス
5970,ジーテクト
5971,共和工業所
5973,トーアミ
5974,中国工業
5975,東プレ
5976,高周波熱錬
5979,カネソウ
5981,東京製綱
5982,マルゼン
5983,イワブチ
5984,兼房
5985,サンコール
5986,モリテック　スチール
5987,オーネックス
5988,パイオラックス
5989,エイチワン
5990,スーパーツール
5991,ニッパツ
5992,中央発條
5994,ファインシンター
5997,協立エアテック
5998,アドバネクス
6005,三浦工業
6013,タクマ
6016,ジャパンエンジン
6018,阪神内燃機工業
6022,赤阪鐵工所
6023,ダイハツインフィニアース
6025,日本ＰＣサービス
6026,ＧＭＯ　ＴＥＣＨ
6027,弁護士ドットコム
6028,テクノプロＨＬＤＧ
6029,アトラグループ
6030,アドベンチャー
6031,ＺＥＴＡ
6033,エクストリーム
6034,ＭＲＴ
6035,アイ・アールジャパンＨＬＤＧ
6036,ＫｅｅＰｅｒ技研
6037,楽待
6038,イード
6039,日本動物高度医療センター
6040,日本スキー場開発
6042,ニッキ
6044,三機サービス
6045,レントラックス
6046,リンクバル
6047,Ｇｕｎｏｓｙ
6048,デザインワン・ジャパン
6049,イトクロ
6050,イー・ガーディアン
6054,リブセンス
6055,ジャパンマテリアル
6058,ベクトル
6059,ウチヤマＨＬＤＧ
6060,こころネット
6061,ユニバーサル園芸社
6062,チャーム・ケア
6063,日本エマージェンシーアシスタン
6069,トレンダーズ
6070,キャリアリンク
6071,ＩＢＪ
6072,地盤ネットＨＬＤＧ
6073,アサンテ
6074,ジェイエスエス
6076,アメイズ
6078,バリューＨＲ
6080,Ｍ＆Ａキャピタルパートナーズ
6081,アライドアーキテクツ
6082,ライドオンエクスプレスＨＬＤＧ
6083,ＥＲＩ　ＨＬＤＧ
6085,アーキテクツ・スタジオ・ジャパ
6086,シンメンテＨＬＤＧ
6087,アビスト
6088,シグマクシス・ＨＬＤＧ
6089,ウィルグループ
6090,ヒューマン・メタボローム・テク
6091,ウエスコＨＬＤＧ
6092,エンバイオＨＬＤＧ
6093,エスクロー・エージェント・ジャ
6094,フリークアウトＨＬＤＧ
6095,メドピア
6096,レアジョブ
6098,リクルートＨＬＤＧ
6099,エラン
6101,ツガミ
6103,オークマ
6104,芝浦機械
6111,旭精機工業
6113,アマダ
6118,アイダエンジニアリング
6125,岡本工作機械製作所
6134,ＦＵＪＩ
6135,牧野フライス製作所
6136,オーエスジー
6137,小池酸素工業
6138,ダイジェット工業
6140,旭ダイヤモンド工業
6141,ＤＭＧ森精機
6142,富士精工
6143,ソディック
6144,西部電機
6145,ＮＩＴＴＯＫＵ
6146,ディスコ
6147,ヤマザキ
6149,小田原エンジニアリング
6150,タケダ機械
6151,日東工器
6155,高松機械工業
6156,エーワン精密
6157,日進工具
6158,和井田製作所
6159,ミクロン精密
6161,エスティック
6165,パンチ工業
6166,中村超硬
6167,冨士ダイス
6171,土木管理総合試験所
6173,アクアライン
6176,ブランジスタ
6177,ＡｐｐＢａｎｋ
6178,日本郵政
6180,ＧＭＯメディア
6181,タメニー
6182,メタリアル
6183,ベルシステム２４ＨＬＤＧ
6184,鎌倉新書
6185,ＳＭＮ
6186,一蔵
6189,グローバルキッズＣＯＭＰＡＮＹ
6190,フェニックスバイオ
6191,エアトリ
6193,バーチャレクスＨＬＤＧ
6194,アトラエ
6195,ホープ
6196,ストライク
6197,ソラスト
6198,キャリア
6199,セラク
6200,インソース
6201,豊田自動織機
6203,豊和工業
6208,石川製作所
6209,リケンＮＰＲ
6210,ＴＯＹＯイノベックス
6217,津田駒工業
6218,エンシュウ
6222,島精機製作所
6223,西部技研
6224,ＪＲＣ
6225,エコム
6226,守谷輸送機工業
6227,ＡＩメカテック
6228,ジェイ・イー・ティ
6229,オーケーエム
6230,ＳＡＮＥＩ
6231,木村工機
6232,ＡＣＳＬ
6233,ＫＬＡＳＳ
6235,オプトラン
6237,イワキポンプ
6238,フリュー
6239,ナガオカ
6240,ヤマシンフィルタ
6245,ヒラノテクシード
6246,テクノスマート
6247,日阪製作所
6248,横田製作所
6249,ゲームカード・ジョイコＨＬＤＧ
6250,やまびこ
6254,野村マイクロ・サイエンス
6255,エヌ・ピー・シー
6257,藤商事
6258,平田機工
6262,ＰＥＧＡＳＵＳ
6264,マルマエ
6265,コンバム
6266,タツモ
6267,ゼネラルパッカー
6268,ナブテスコ
6269,三井海洋開発
6272,レオン自動機
6273,ＳＭＣ
6276,シリウスビジョン
6277,ホソカワミクロン
6278,ユニオンツール
6279,瑞光
6282,オイレス工業
6284,日精エー・エス・ビー機械
6286,靜甲
6287,サトー
6289,技研製作所
6291,日本エアーテック
6292,カワタ
6293,日精樹脂工業
6294,オカダアイヨン
6297,鉱研工業
6298,ワイエイシイＨＬＤＧ
6301,小松製作所
6302,住友重機械工業
6305,日立建機
6306,日工
6307,サンセイ
6309,巴工業
6310,井関農機
6312,フロイント産業
6315,ＴＯＷＡ
6316,丸山製作所
6317,北川鉄工所
6322,タクミナ
6323,ローツェ
6324,ハーモニック・ドライブ・システ
6325,タカキタ
6326,クボタ
6327,北川精機
6328,荏原実業
6330,東洋エンジニアリング
6331,三菱化工機
6332,月島ＨＬＤＧ
6333,帝国電機製作所
6334,明治機械
6335,東京機械製作所
6336,石井表記
6337,テセック
6338,タカトリ
6339,新東工業
6340,澁谷工業
6342,太平製作所
6343,フリージア・マクロス
6345,アイチ
6346,キクカワエンタープライズ
6347,プラコー
6349,小森コーポレーション
6351,鶴見製作所
6356,日本ギア工業
6357,三精テクノロジーズ
6358,酒井重工業
6360,東京自働機械製作所
6361,荏原製作所
6363,酉島製作所
6364,ＡＩＲＭＡＮ
6365,電業社機械製作所
6366,千代田化工建設
6367,ダイキン工業
6368,オルガノ
6369,トーヨーカネツ
6370,栗田工業
6371,椿本チエイン
6373,大同工業
6376,日機装
6378,木村化工機
6379,レイズネクスト
6380,オリエンタルチエン工業
6381,アネスト岩田
6382,トリニティ工業
6383,ダイフク
6384,昭和真空
6387,サムコ
6390,加藤製作所
6391,加地テック
6392,ヤマダコーポレーション
6393,油研工業
6395,タダノ
6396,宇野澤組鐵工所
6400,不二精機
6402,兼松エンジニアリング
6403,水道機工
6405,鈴茂器工
6406,フジテック
6407,ＣＫＤ
6408,小倉クラッチ
6411,中野冷機
6412,平和
6413,理想科学工業
6416,桂川電機
6417,ＳＡＮＫＹＯ
6418,日本金銭機械
6419,マースグループＨＬＤＧ
6420,ガリレイ
6424,高見沢サイバネティックス
6425,ユニバーサルエンターテインメン
6428,オーイズミ
6430,ダイコク電機
6432,竹内製作所
6433,ヒーハイスト
6436,アマノ
6439,中日本鋳工
6440,ＪＵＫＩ
6444,サンデン
6445,ジャノメ
6448,ブラザー工業
6454,マックス
6455,モリタＨＬＤＧ
6457,グローリー
6458,新晃工業
6459,大和冷機工業
6460,セガサミーＨＬＤＧ
6463,ＴＰＲ
6464,ツバキ・ナカシマ
6465,ホシザキ
6466,ＴＶＥ
6467,ニチダイ
6469,放電精密加工研究所
6470,大豊工業
6471,日本精工
6472,ＮＴＮ
6473,ジェイテクト
6474,不二越
6479,ミネベアミツミ
6480,日本トムソン
6481,ＴＨＫ
6482,ＹＵＳＨＩＮ
6484,ＫＶＫ
6485,前澤給装工業
6486,イーグル工業
6488,ヨシタケ
6489,前澤工業
6490,ＰＩＬＬＡＲ
6492,岡野バルブ製造
6493,ＮＩＴＴＡＮ
6494,ＮＦＫ　ＨＬＤＧ
6495,宮入バルブ製作所
6496,中北製作所
6497,ハマイ
6498,キッツ
6501,日立製作所
6503,三菱電機
6504,富士電機
6505,東洋電機製造
6506,安川電機
6507,シンフォニア　テクノロジー
6508,明電舎
6513,オリジン
6516,山洋電気
6517,デンヨー
6518,三相電機
6521,オキサイド
6522,アスタリスク
6523,ＰＨＣＨＬＤＧ
6524,湖北工業
6525,ＫＯＫＵＳＡＩ　ＥＬＥＣＴＲＩ
6526,ソシオネクスト
6532,ベイカレント
6533,Ｏｒｃｈｅｓｔｒａ　ＨＬＤＧ
6535,アイモバイル
6537,ＷＡＳＨハウス
6538,ディスラプターズ
6539,ＭＳ―Ｊａｐａｎ
6540,船場
6542,ＦＣ　ＨＬＤＧ
6543,日宣
6544,ジャパンエレベーターサービスＨ
6545,インターネットインフィニティー
6546,フルテック
6547,グリーンズ
6548,旅工房
6549,ディーエムソリューションズ
6551,ツナググループＨＬＤＧ
6552,ＧａｍｅＷｉｔｈ
6554,エスユーエス
6555,ＭＳ＆Ｃｏｎｓｕｌｔｉｎｇ
6557,ＡＩＡＩグループ
6558,クックビズ
6560,エル・ティー・エス
6561,ＨＡＮＡＴＯＵＲ　ＪＡＰＡＮ
6562,ジーニー
6563,みらいワークス
6564,ミダックＨＬＤＧ
6565,ＡＢホテル
6566,要興業
6568,神戸天然物化学
6570,共和コーポレーション
6571,キュービーネットＨＬＤＧ
6572,オープングループ
6573,アジャイルメディア・ネットワー
6574,コンヴァノ
6577,ベストワンドットコム
6578,コレックＨＬＤＧ
6579,ログリー
6580,ライトアップ
6584,三櫻工業
6586,マキタ
6588,東芝テック
6590,芝浦メカトロニクス
6592,マブチモーター
6594,ニデック
6597,ＨＰＣシステムズ
6599,エブレン
6612,バルミューダ
6613,ＱＤレーザ
6614,シキノハイテック
6615,ユー・エム・シー・エレクトロニ
6616,トレックス・セミコンダクター
6617,東光高岳
6619,ダブル・スコープ
6620,宮越ＨＬＤＧ
6622,ダイヘン
6623,愛知電機
6625,ＪＡＬＣＯ　ＨＬＤＧ
6626,ＳＥＭＩＴＥＣ
6627,テラプローブ
6629,テクノホライゾン
6630,ヤーマン
6632,ＪＶＣケンウッド
6633,ＣＧＳ　ＨＬＤＧ
6634,ネクスグループ
6635,大日光・エンジニアリング
6637,寺崎電気産業
6638,ミマキエンジニアリング
6643,戸上電機製作所
6644,大崎電気工業
6645,オムロン
6647,森尾電機
6648,かわでん
6651,日東工業
6652,ＩＤＥＣ
6653,正興電機製作所
6654,不二電機工業
6655,東洋電機
6656,インスペック
6658,シライ電子工業
6659,メディアリンクス
6662,ユビテック
6663,太洋テクノレックス
6664,オプトエレクトロニクス
6666,リバーエレテック
6668,アドテックプラズマテクノロジー
6670,ＭＣＪ
6674,ジーエスユアサコーポレーション
6675,サクサ
6676,バッファロー
6677,エスケーエレクトロニクス
6678,テクノメディカ
6694,ズーム
6696,トラース・オン・プロダクト
6699,ダイヤモンドエレクトリックＨＤ
6701,日本電気
6702,富士通
6703,沖電気工業
6706,電気興業
6707,サンケン電気
6718,アイホン
6721,ウインテスト
6723,ルネサスエレクトロニクス
6724,セイコーエプソン
6727,ワコム
6728,アルバック
6730,アクセル
6731,ピクセラ
6734,ニューテック
6736,サン電子
6737,ＥＩＺＯ
6740,ジャパンディスプレイ
6741,日本信号
6742,京三製作所
6743,大同信号
6744,能美防災
6745,ホーチキ
6748,星和電機
6750,エレコム
6752,パナソニック　ＨＬＤＧ
6753,シャープ
6754,アンリツ
6755,富士通ゼネラル
6757,ＯＳＧコーポレーション
6758,ソニーグループ
6762,ＴＤＫ
6763,帝国通信工業
6768,タムラ製作所
6769,ザインエレクトロニクス
6770,アルプスアルパイン
6771,池上通信機
6772,東京コスモス電機
6775,ＴＢグループ
6776,天昇電気工業
6777,ｓａｎｔｅｃ　ＨＬＤＧ
6778,アルチザネットワークス
6779,日本電波工業
6785,鈴木
6786,ＲＶＨ
6787,メイコー
6788,日本トリム
6794,フォスター電機
6797,名古屋電機工業
6798,ＳＭＫ
6800,ヨコオ
6803,ティアック
6804,ホシデン
6806,ヒロセ電機
6807,日本航空電子工業
6809,ＴＯＡ
6810,マクセル
6814,古野電気
6817,スミダコーポレーション
6819,伊豆シャボテンリゾート
6820,アイコム
6822,大井電気
6823,リオン
6824,新コスモス電機
6832,アオイ電子
6834,精工技研
6835,アライドテレシスＨＬＤＧ
6836,ぷらっとホーム
6837,京写
6838,多摩川ＨＬＤＧ
6840,ＡＫＩＢＡ　ＨＬＤＧ
6841,横河電機
6844,新電元工業
6845,アズビル
6846,中央製作所
6848,東亜ディーケーケー
6849,日本光電工業
6850,チノー
6853,共和電業
6855,日本電子材料
6856,堀場製作所
6857,アドバンテスト
6858,小野測器
6859,エスペック
6861,キーエンス
6862,ミナトＨＬＤＧ
6863,ニレコ
6864,エヌエフＨＬＤＧ
6866,日置電機
6867,リーダー電子
6869,シスメックス
6870,日本フェンオール
6871,日本マイクロニクス
6874,協立電機
6875,メガチップス
6877,ＯＢＡＲＡ　ＧＲＯＵＰ
6879,ＩＭＡＧＩＣＡ　ＧＲＯＵＰ
6882,三社電機製作所
6888,アクモス
6890,フェローテック
6894,パルステック工業
6897,ツインバード
6898,トミタ電機
6899,ＡＳＴＩ
6901,澤藤電機
6902,デンソー
6904,原田工業
6905,コーセル
6907,ジオマテック
6908,イリソ電子工業
6912,菊水ＨＬＤＧ
6914,オプテックスグループ
6915,千代田インテグレ
6918,アバールデータ
6919,ケル
6920,レーザーテック
6923,スタンレー電気
6925,ウシオ電機
6926,岡谷電機産業
6927,ヘリオス　テクノ　ＨＬＤＧ
6928,エノモト
6929,日本セラミック
6930,日本アンテナ
6932,遠藤照明
6937,古河電池
6941,山一電機
6942,ソフィアＨＬＤＧ
6943,ＮＫＫスイッチズ
6946,日本アビオニクス
6947,図研
6951,日本電子
6952,カシオ計算機
6954,ファナック
6955,ＦＤＫ
6957,芝浦電子
6958,日本シイエムケイ
6960,フクダ電子
6961,エンプラス
6962,大真空
6963,ローム
6964,サンコー
6965,浜松ホトニクス
6966,三井ハイテック
6969,松尾電機
6971,京セラ
6973,協栄産業
6976,太陽誘電
6977,日本抵抗器製作所
6981,村田製作所
6982,リード
6986,双葉電子工業
6988,日東電工
6989,北陸電気工業
6993,大黒屋ＨＬＤＧ
6994,指月電機製作所
6995,東海理化電機製作所
6996,ニチコン
6997,日本ケミコン
6998,日本タングステン
6999,ＫＯＡ
7003,三井Ｅ＆Ｓ
7004,カナデビア
7011,三菱重工業
7012,川崎重工業
7013,ＩＨＩ
7014,名村造船所
7018,内海造船
7021,ニッチツ
7022,サノヤスＨＬＤＧ
7030,スプリックス
7031,インバウンドテック
7033,マネジメントソリューションズ
7034,プロレド・パートナーズ
7035,ａｎｄ　ｆａｃｔｏｒｙ
7036,イーエムネットジャパン
7037,テノ．ＨＬＤＧ
7038,フロンティア・マネジメント
7039,ブリッジインターナショナル
7040,サン・ライフＨＬＤＧ
7041,ＣＲＧ　ＨＬＤＧ
7042,アクセスグループ・ＨＬＤＧ
7043,アルー
7044,ピアラ
7046,ＴＤＳＥ
7047,ポート
7048,ベルトラ
7049,識学
7050,フロンティアインターナショナル
7057,エヌ・シー・エヌ
7058,共栄セキュリティーサービス
7059,コプロ・ＨＬＤＧ
7060,ギークス
7061,日本ホスピスＨＬＤＧ
7062,フレアス
7063,Ｂｉｒｄｍａｎ
7064,ハウテレビジョン
7065,ユーピーアール
7066,ピアズ
7067,ブランディングテクノロジー
7068,フィードフォースグループ
7069,サイバー・バズ
7071,アンビスＨＬＤＧ
7072,インティメート・マージャー
7073,ジェイック
7074,トゥエンティーフォーセブンＨＤ
7075,ＱＬＳ　ＨＬＤＧ
7076,名南Ｍ＆Ａ
7077,ＡＬｉＮＫインターネット
7078,ＩＮＣＬＵＳＩＶＥ
7079,ＷＤＢココ
7080,スポーツフィールド
7081,コーユーレンティア
7082,ジモティー
7083,ＡＨＣグループ
7084,Ｓｍｉｌｅ　ＨＬＤＧ
7085,カーブスＨＬＤＧ
7087,ウイルテック
7088,フォーラムエンジニアリング
7089,フォースタートアップス
7090,リグア
7091,リビングプラットフォーム
7092,Ｆａｓｔ　Ｆｉｔｎｅｓｓ　Ｊｐ
7093,アディッシュ
7094,ＮｅｘＴｏｎｅ
7095,Ｍａｃｂｅｅ　Ｐｌａｎｅｔ
7096,ステムセル研究所
7097,さくらさくプラス
7102,日本車輌製造
7105,三菱ロジスネクスト
7110,クラシコム
7111,ＩＮＥＳＴ
7112,キューブ
7114,フーディソン
7115,アルファパーチェス
7116,ダイワ通信
7118,伸和ＨＬＤＧ
7119,ハルメクＨＬＤＧ
7120,ＳＨＩＮＫＯ
7122,近畿車輛
7126,グローバルスタイル
7127,一家ＨＬＤＧ
7128,フルサト・マルカＨＬＤＧ
7129,ミアヘルサＨＬＤＧ
7130,ヤマエグループＨＬＤＧ
7131,のむら産業
7133,ＨＹＵＧＡ　ＰＲＩＭＡＲＹ　Ｃ
7134,アップガレージグループ
7135,ジャパンクラフトＨＬＤＧ
7138,ＴＯＲＩＣＯ
7140,ペットゴー
7148,ＦＰＧ
7150,島根銀行
7157,ライフネット生命保険
7161,じもとＨＬＤＧ
7162,アストマックス
7163,住信　ＳＢＩ　ネット銀行
7164,全国保証
7167,めぶきフィナンシャルグループ
7172,ジャパンインベストメントアドバ
7173,東京きらぼしＦＧ
7175,今村証券
7177,ＧＭＯフィナンシャルＨＬＤＧ
7180,九州ＦＧ
7181,かんぽ生命保険
7182,ゆうちょ銀行
7183,あんしん保証
7184,富山第一銀行
7185,ヒロセ通商
7186,コンコルディアＦＧ
7187,ジェイリース
7189,西日本フィナンシャルＨＬＤＧ
7191,イントラスト
7192,日本モーゲージサービス
7196,Ｃａｓａ
7198,ＳＢＩアルヒ
7199,プレミアグループ
7201,日産自動車
7202,いすゞ自動車
7203,トヨタ自動車
7205,日野自動車
7208,カネミツ
7211,三菱自動車工業
7212,エフテック
7213,レシップＨＬＤＧ
7214,ＧＭＢ
7215,ファルテック
7217,テイン
7218,田中精密工業
7219,エッチ・ケー・エス
7220,武蔵精密工業
7222,日産車体
7224,新明和工業
7226,極東開発工業
7227,アスカ
7228,デイトナ
7229,ユタカ技研
7231,トピー工業
7235,東京ラヂエーター製造
7236,ティラド
7238,曙ブレーキ工業
7239,タチエス
7240,ＮＯＫ
7241,フタバ産業
7242,カヤバ
7244,市光工業
7245,大同メタル工業
7246,プレス工業
7247,ミクニ
7250,太平洋工業
7254,ユニバンス
7255,桜井製作所
7256,河西工業
7259,アイシン
7261,マツダ
7264,ムロコーポレーション
7265,エイケン工業
7266,今仙電機製作所
7267,本田技研工業
7269,スズキ
7270,ＳＵＢＡＲＵ
7271,安永
7272,ヤマハ発動機
7273,イクヨ
7276,小糸製作所
7277,ＴＢＫ
7278,エクセディ
7279,ハイレックスコーポレーション
7280,ミツバ
7282,豊田合成
7283,愛三工業
7284,盟和産業
7287,日本精機
7291,日本プラスト
7292,村上開明堂
7294,ヨロズ
7296,エフ・シー・シー
7297,カーメイト
7299,フジオーゼックス
7305,新家工業
7309,シマノ
7313,テイ・エス　テック
7314,小田原機器
7317,松屋アールアンドディ
7318,セレンディップＨＬＤＧ
7320,Ｓｏｌｖｖｙ
7322,三十三ＦＧ
7325,アイリックコーポレーション
7326,ＳＢＩインシュアランスグループ
7327,第四北越ＦＧ
7337,ひろぎんＨＬＤＧ
7343,ブロードマインド
7345,アイ・パートナーズフィナンシャ
7347,マーキュリアＨＬＤＧ
7350,おきなわＦＧ
7351,グッドパッチ
7352,ＴＷＯＳＴＯＮＥ＆Ｓｏｎｓ
7353,ＫＩＹＯラーニング
7354,ＤｍＭＩＸ
7356,ＲＥＴＴＹ
7357,ジオコード
7358,ポピンズ
7359,東京通信グループ
7360,オンデック
7361,ヒューマンクリエイションＨＬＤ
7362,Ｔ．Ｓ．Ｉ
7363,ベビーカレンダー
7366,ＬＩＴＡＬＩＣＯ
7367,セルム
7368,表示灯
7369,メイホーＨＬＤＧ
7370,Ｅｎｊｉｎ
7371,Ｚｅｎｋｅｎ
7372,デコルテＨＬＤＧ
7373,アイドマＨＬＤＧ
7374,コンフィデンス・インターワーク
7375,リファインバースグループ
7376,ＢＣＣ
7377,ＤＮ　ＨＬＤＧ
7378,アシロ
7379,サーキュレーション
7380,十六ＦＧ
7381,北國フィナンシャルＨＬＤＧ
7383,ネットプロテクションズＨＬＤＧ
7384,プロクレアＨＬＤＧ
7388,ＦＰパートナー
7389,あいちＦＧ
7399,ナンシン
7409,ＡｅｒｏＥｄｇｅ
7412,アトム
7413,創健社
7414,小野建
7416,はるやまＨＬＤＧ
7417,南陽
7419,ノジマ
7420,佐鳥電機
7421,カッパ・クリエイト
7422,東邦レマック
7425,初穂商事
7426,山大
7427,エコートレーディング
7433,伯東
7434,オータケ
7435,ナ・デックス
7438,コンドーテック
7441,Ｍｉｓｕｍｉ
7442,中山福
7443,横浜魚類
7444,ハリマ共和物産
7445,ライトオン
7446,東北化学薬品
7447,ナガイレーベン
7450,サンデー
7451,三菱食品
7453,良品計画
7455,パリミキＨＬＤＧ
7456,松田産業
7458,第一興商
7459,メディパルＨＬＤＧ
7460,ヤギ
7461,キムラ
7462,ＣＡＰＩＴＡ
7463,アドヴァングループ
7464,セフテック
7466,ＳＰＫ
7467,萩原電気ＨＬＤＧ
7472,鳥羽洋行
7475,アルビス
7476,アズワン
7477,ムラキ
7480,スズデン
7481,尾家産業
7482,シモジマ
7483,ドウシシャ
7485,岡谷鋼機
7486,サンリン
7487,小津産業
7488,ヤガミ
7490,日新商事
7494,コナカ
7500,西川計測
7501,ティムコ
7502,プラザＨＬＤＧ
7504,高速
7505,扶桑電通
7506,ハウス　オブ　ローゼ
7508,Ｇ―７ＨＬＤＧ
7509,アイエーグループ
7510,たけびし
7512,イオン北海道
7513,コジマ
7514,ヒマラヤ
7515,マルヨシセンター
7516,コーナン商事
7520,エコス
7521,ムサシ
7522,ワタミ
7523,アールビバン
7524,マルシェ
7525,リックス
7527,システムソフト
7531,清和中央ＨＬＤＧ
7532,パン・パシフィック・インターナ
7537,丸文
7538,大水
7539,アイナボＨＬＤＧ
7544,スリーエフ
7545,西松屋チェーン
7550,ゼンショーＨＬＤＧ
7551,ウェッズ
7552,ハピネット
7554,幸楽苑
7555,大田花き
7561,ハークスレイ
7562,安楽亭
7564,ワークマン
7565,萬世電機
7567,栄電子
7570,橋本総業ＨＬＤＧ
7571,ヤマノＨＬＤＧ
7575,日本ライフライン
7578,ニチリョク
7581,サイゼリヤ
7585,かんなん丸
7590,タカショー
7593,ＶＴ　ＨＬＤＧ
7595,アルゴグラフィックス
7596,魚力
7599,ＩＤＯＭ
7600,日本エム・ディ・エム
7601,ポプラ
7602,レダックス
7603,マックハウス
7604,梅の花グループ
7605,フジ・コーポレーション
7606,ユナイテッドアローズ
7607,進和
7608,エスケイジャパン
7609,ダイトロン
7610,テイツー
7611,ハイデイ日高
7613,シークス
7614,オーエムツーネットワーク
7615,京都きもの友禅ＨＬＤＧ
7616,コロワイド
7619,田中商事
7621,うかい
7623,サンオータス
7624,ＮａＩＴＯ
7625,グローバルダイニング
7628,オーハシテクニカ
7630,壱番屋
7634,星医療酸器
7635,杉田エース
7636,ハンズマン
7637,白銅
7638,ＮＥＷ　ＡＲＴ　ＨＬＤＧ
7640,トップカルチャー
7643,ダイイチ
7646,ＰＬＡＮＴ
7649,スギＨＬＤＧ
7670,オーウエル
7673,ダイコー通産
7674,ＮＡＴＴＹ　ＳＷＡＮＫＹＨＬＤ
7675,セントラルフォレストグループ
7677,ヤシマキザイ
7678,あさくま
7679,薬王堂ＨＬＤＧ
7681,レオクラン
7682,浜木綿
7683,ダブルエー
7685,ＢｕｙＳｅｌｌ　Ｔｅｃｈ
7686,ひとまいる
7687,ミクリード
7689,コパ・コーポレーション
7692,アースインフィニティ
7694,いつも
7695,交換できるくん
7698,アイスコ
7699,オムニ・プラス・システム
7701,島津製作所
7702,ＪＭＳ
7707,プレシジョン・システム・サイエ
7709,クボテック
7711,助川電気工業
7713,シグマ光機
7715,長野計器
7716,ナカニシ
7717,ブイ・テクノロジー
7718,スター精密
7719,東京衡機
7721,東京計器
7722,国際計測器
7723,愛知時計電機
7725,インターアクション
7726,黒田精工
7727,オーバル
7729,東京精密
7730,マニー
7731,ニコン
7732,トプコン
7733,オリンパス
7734,理研計器
7735,ＳＣＲＥＥＮ　ＨＬＤＧ
7739,キヤノン電子
7740,タムロン
7741,ＨＯＹＡ
7743,シード
7744,ノーリツ鋼機
7745,Ａ＆ＤホロンＨＬＤＧ
7746,岡本硝子
7747,朝日インテック
7749,メディキット
7751,キヤノン
7752,リコー
7760,ＩＭＶ
7762,シチズン時計
7769,リズム
7771,日本精密
7774,ジャパン・ティッシュエンジニア
7775,大研医器
7776,セルシード
7777,スリー・ディー・マトリックス
7779,ＣＹＢＥＲＤＹＮＥ
7780,メニコン
7781,平山ＨＬＤＧ
7782,シンシア
7790,バルコス
7791,ドリームベッド
7792,コラントッテ
7793,イメージ・マジック
7794,イーディーピー
7795,ＫＹＯＲＩＴＳＵ
7800,アミファ
7803,ブシロード
7804,ビーアンドピー
7805,プリントネット
7806,ＭＴＧ
7807,幸和製作所
7808,シー・エス・ランバー
7809,壽屋
7810,クロスフォー
7811,中本パックス
7812,クレステック
7813,プラッツ
7814,日本創発グループ
7815,東京ボード工業
7817,パラマウントベッドＨＬＤＧ
7818,トランザクション
7819,粧美堂
7820,ニホンフラッシュ
7821,前田工繊
7822,永大産業
7823,アートネイチャー
7826,フルヤ金属
7827,オービス
7831,ウイルコＨＬＤＧ
7832,バンダイナムコＨＬＤＧ
7833,アイフィスジャパン
7836,アビックス
7837,アールシーコア
7839,ＳＨＯＥＩ
7840,フランスベッドＨＬＤＧ
7841,遠藤製作所
7844,マーベラス
7846,パイロットコーポレーション
7847,グラファイトデザイン
7849,スターツ出版
7850,総合商研
7851,カワセコンピュータサプライ
7856,萩原工業
7857,セキ
7859,アルメディオ
7860,エイベックス
7863,平賀
7864,フジシールインターナショナル
7865,ピープル
7867,タカラトミー
7868,広済堂ＨＬＤＧ
7870,福島印刷
7871,フクビ化学工業
7872,エステールＨＬＤＧ
7874,レック
7875,竹田ｉＰＨＬＤＧ
7877,永大化工
7878,光・彩
7879,ノダ
7883,サンメッセ
7885,タカノ
7886,ヤマト　モビリティ　＆　Ｍｆｇ
7887,南海プライウッド
7888,三光合成
7893,プロネクサス
7894,丸東産業
7896,セブン工業
7897,ホクシン
7898,ウッドワン
7901,マツモト
7902,ソノコム
7906,ヨネックス
7908,きもと
7911,ＴＯＰＰＡＮＨＬＤＧ
7912,大日本印刷
7914,共同印刷
7915,ＮＩＳＳＨＡ
7916,光村印刷
7917,ＺＡＣＲＯＳ
7918,ヴィアＨＬＤＧ
7919,野崎印刷紙業
7921,ＴＡＫＡＲＡ＆ＣＯＭＰＡＮＹ
7922,三光産業
7923,トーイン
7925,前澤化成工業
7927,ムトー精工
7928,旭化学工業
7931,未来工業
7932,ニッピ
7936,アシックス
7937,ツツミ
7938,リーガルコーポレーション
7939,研創
7940,ウェーブロックＨＬＤＧ
7942,ＪＳＰ
7943,ニチハ
7944,ローランド
7946,光陽社
7947,エフピコ
7949,小松ウオール工業
7950,日本デコラックス
7951,ヤマハ
7952,河合楽器製作所
7953,菊水化学工業
7955,クリナップ
7956,ピジョン
7957,フジコピアン
7958,天馬
7962,キングジム
7963,興研
7965,象印マホービン
7966,リンテック
7970,信越ポリマー
7971,東リ
7972,イトーキ
7974,任天堂
7975,リヒトラブ
7976,三菱鉛筆
7979,松風
7980,重松製作所
7981,タカラスタンダード
7983,ミロク
7984,コクヨ
7985,ネポン
7986,日本アイ・エス・ケイ
7987,ナカバヤシ
7988,ニフコ
7989,立川ブラインド工業
7990,グローブライド
7991,マミヤ・オーピー
7992,セーラー万年筆
7994,オカムラ
7995,バルカー
7997,くろがね工作所
7999,ＭＵＴＯＨ　ＨＬＤＧ
8001,伊藤忠商事
8002,丸紅
8005,スクロール
8006,ユアサ・フナショク
8007,高島
8008,ヨンドシーＨＬＤＧ
8011,三陽商会
8012,長瀬産業
8013,ナイガイ
8014,蝶理
8015,豊田通商
8016,オンワードＨＬＤＧ
8018,三共生興
8020,兼松
8022,美津濃
8023,ＤＡＩＫＯ　ＸＴＥＣＨ
8025,ツカモトコーポレーション
8029,ルックＨＬＤＧ
8030,中央魚類
8031,三井物産
8032,日本紙パルプ商事
8035,東京エレクトロン
8037,カメイ
8039,築地魚市場
8040,東京ソワール
8041,ＯＵＧ　ＨＬＤＧ
8043,スターゼン
8045,横浜丸魚
8046,丸藤シートパイル
8050,セイコーグループ
8051,山善
8052,椿本興業
8053,住友商事
8056,ＢＩＰＲＯＧＹ
8057,内田洋行
8058,三菱商事
8059,第一実業
8060,キヤノンマーケティングジャパン
8061,西華産業
8065,佐藤商事
8066,三谷商事
8070,東京産業
8071,東海エレクトロニクス
8074,ユアサ商事
8075,神鋼商事
8076,カノークス
8077,トルク
8078,阪和興業
8079,正栄食品工業
8081,カナデン
8084,ＲＹＯＤＥＮ
8085,ナラサキ産業
8086,ニプロ
8088,岩谷産業
8089,ナイス
8091,ニチモウ
8093,極東貿易
8095,アステナＨＬＤＧ
8097,三愛オブリ
8098,稲畑産業
8101,ＧＳＩクレオス
8103,明和産業
8104,クワザワＨＬＤＧ
8105,堀田丸正
8107,キムラタン
8111,ゴールドウイン
8113,ユニ・チャーム
8115,ムーンバット
8117,中央自動車工業
8118,キング
8119,三栄コーポレーション
8123,川辺
8125,ワキタ
8127,ヤマトインターナショナル
8129,東邦ＨＬＤＧ
8130,サンゲツ
8131,ミツウロコグループＨＬＤＧ
8132,シナネンＨＬＤＧ
8133,伊藤忠エネクス
8135,ゼット
8136,サンリオ
8137,サンワテクノス
8138,三京化成
8139,ナガホリ
8141,新光商事
8142,トーホー
8143,ラピーヌ
8144,デンキョーグループＨＬＤＧ
8145,中部水産
8147,トミタ
8150,三信電気
8151,東陽テクニカ
8152,ソマール
8153,モスフードサービス
8154,加賀電子
8157,都築電気
8158,ソーダニッカ
8159,立花エレテック
8160,木曽路
8163,ＳＲＳ　ＨＬＤＧ
8165,千趣会
8166,タカキュー
8167,リテールパートナーズ
8173,上新電機
8174,日本瓦斯
8179,ロイヤルＨＬＤＧ
8181,東天紅
8185,チヨダ
8190,ヤマナカ
8194,ライフコーポレーション
8198,マックスバリュ東海
8200,リンガーハット
8202,ラオックスＨＬＤＧ
8203,ＭｒＭａｘＨＤ
8207,テンアライド
8208,エンチョー
8209,フレンドリー
8214,ＡＯＫＩ　ＨＬＤＧ
8217,オークワ
8218,コメリ
8219,青山商事
8225,タカチホ
8226,理経
8227,しまむら
8228,マルイチ産商
8230,はせがわ
8233,高島屋
8237,松屋
8242,エイチ・ツー・オー　リテイリン
8244,近鉄百貨店
8247,大和
8252,丸井グループ
8253,クレディセゾン
8254,さいか屋
8255,アクシアル　リテイリング
8260,井筒屋
8267,イオン
8273,イズミ
8275,フォーバル
8276,平和堂
8278,フジ
8279,ヤオコー
8281,ゼビオＨＬＤＧ
8282,ケーズＨＬＤＧ
8283,ＰＡＬＴＡＣ
8285,三谷産業
8289,Ｏｌｙｍｐｉｃグループ
8291,日産東京販売ＨＬＤＧ
8301,日本銀行　出資証券
8304,あおぞら銀行
8306,三菱ＵＦＪ　ＦＧ
8308,りそなＨＬＤＧ
8309,三井住友トラストグループ
8316,三井住友ＦＧ
8331,千葉銀行
8334,群馬銀行
8336,武蔵野銀行
8337,千葉興業銀行
8338,筑波銀行
8341,七十七銀行
8343,秋田銀行
8344,山形銀行
8345,岩手銀行
8346,東邦銀行
8349,東北銀行
8354,ふくおかＦＧ
8358,スルガ銀行
8359,八十二銀行
8360,山梨中央銀行
8361,大垣共立銀行
8362,福井銀行
8364,清水銀行
8365,富山銀行
8366,滋賀銀行
8367,南都銀行
8368,百五銀行
8370,紀陽銀行
8377,ほくほくＦＧ
8381,山陰合同銀行
8383,鳥取銀行
8386,百十四銀行
8387,四国銀行
8388,阿波銀行
8392,大分銀行
8393,宮崎銀行
8395,佐賀銀行
8398,筑邦銀行
8399,琉球銀行
8410,セブン銀行
8411,みずほＦＧ
8416,高知銀行
8418,山口ＦＧ
8421,信金中央金庫　優先出資証券
8424,芙蓉総合リース
8425,みずほリース
8439,東京センチュリー
8473,ＳＢＩ　ＨＬＤＧ
8508,Ｊトラスト
8511,日本証券金融
8515,アイフル
8518,日本アジア投資
8522,名古屋銀行
8524,北洋銀行
8537,大光銀行
8541,愛媛銀行
8542,トマト銀行
8544,京葉銀行
8550,栃木銀行
8551,北日本銀行
8554,南日本銀行
8558,東和銀行
8559,豊和銀行
8560,宮崎太陽銀行
8562,福島銀行
8563,大東銀行
8566,リコーリース
8570,イオンフィナンシャルサービス
8572,アコム
8584,ジャックス
8585,オリエントコーポレーション
8591,オリックス
8593,三菱ＨＣキャピタル
8594,中道リース
8595,ジャフコ　グループ
8596,九州リースサービス
8600,トモニＨＬＤＧ
8601,大和証券グループ本社
8604,野村ＨＬＤＧ
8609,岡三証券グループ
8613,丸三証券
8614,東洋証券
8616,東海東京フィナンシャルＨＬＤＧ
8617,光世証券
8622,水戸証券
8624,いちよし証券
8628,松井証券
8630,ＳＯＭＰＯ　ＨＬＤＧ
8697,日本取引所グループ
8698,マネックスグループ
8699,ＨＳＨＬＤＧ
8700,丸八証券
8704,トレイダーズＨＬＤＧ
8705,日産証券グループ
8706,極東証券
8707,岩井コスモＨＬＤＧ
8708,アイザワ証券グループ
8713,フィデアＨＬＤＧ
8714,池田泉州ＨＬＤＧ
8715,アニコムＨＤ
8725,ＭＳ＆ＡＤインシュアランスＨＤ
8737,あかつき本社
8739,スパークス・グループ
8742,小林洋行
8746,ｕｎｂａｎｋｅｄ
8747,豊トラスティ証券
8750,第一生命ＨＬＤＧ
8766,東京海上ＨＬＤＧ
8769,アドバンテッジリスクマネジメン
8771,イー・ギャランティ
8772,アサックス
8783,ＧＦＡ
8789,フィンテック　グローバル
8793,ＮＥＣキャピタルソリューション
8795,Ｔ＆Ｄ　ＨＬＤＧ
8798,アドバンスクリエイト
8801,三井不動産
8802,三菱地所
8803,平和不動産
8804,東京建物
8818,京阪神ビルディング
8830,住友不動産
8835,太平洋興発
8836,ＲＩＳＥ
8841,テーオーシー
8844,コスモスイニシア
8848,レオパレス２１
8850,スターツコーポレーション
8860,フジ住宅
8864,空港施設
8869,明和地所
8871,ゴールドクレスト
8876,リログループ
8877,エスリード
8881,日神グループＨＬＤＧ
8887,シーラＨＬＤＧ
8891,ＡＭＧＨＬＤＧ
8892,エスコン
8894,ＲＥＶＯＬＵＴＩＯＮ
8897,ＭＩＲＡＲＴＨＨＬＤＧ
8898,センチュリー２１・ジャパン
8904,ＡＶＡＮＴＩＡ
8908,毎日コムネット
8912,エリアクエスト
8914,エリアリンク
8917,ファースト住建
8918,ランド
8919,カチタス
8920,東祥
8923,トーセイ
8927,明豊エンタープライズ
8928,穴吹興産
8929,青山財産ネットワークス
8931,和田興産
8934,サンフロンティア不動産
8935,ＦＪネクストＨＬＤＧ
8938,グロームＨＬＤＧ
8940,インテリックス
8944,ランドビジネス
8945,サンネクスタグループ
8946,ＡＳＩＡＮ　ＳＴＡＲ
8951,日本ビルファンド投資法人
8952,ジャパンリアルエステイト投資法
8953,日本都市ファンド投資法人
8954,オリックス不動産投資法人
8955,日本プライムリアルティ投資法人
8956,ＮＴＴ都市開発リート投資法人
8957,東急リアル・エステート投資法人
8958,グローバル・ワン不動産投資法人
8960,ユナイテッド・アーバン投資法人
8961,森トラストリート投資法人
8963,インヴィンシブル投資法人
8964,フロンティア不動産投資法人
8966,平和不動産リート投資法人
8967,日本ロジスティクスファンド投資
8968,福岡リート投資法人
8972,ＫＤＸ不動産投資法人
8975,いちごオフィスリート投資法人
8976,大和証券オフィス投資法人
8977,阪急阪神リート投資法人
8979,スターツプロシード投資法人
8984,大和ハウスリート投資法人
8985,ジャパン・ホテル・リート投資法
8986,大和証券リビング投資法人
8987,ジャパンエクセレント投資法人
8995,誠建設工業
8996,ハウスフリーダム
8999,グランディハウス
9001,東武鉄道
9003,相鉄ＨＬＤＧ
9005,東急
9006,京浜急行電鉄
9007,小田急電鉄
9008,京王電鉄
9009,京成電鉄
9010,富士急行
9012,秩父鉄道
9017,新潟交通
9020,東日本旅客鉄道
9021,西日本旅客鉄道
9022,東海旅客鉄道
9023,東京地下鉄
9024,西武ＨＬＤＧ
9025,鴻池運輸
9027,ロジネット　ジャパン
9028,ゼロ
9029,ヒガシＨＬＤＧ
9031,西日本鉄道
9033,広島電鉄
9034,南総通運
9035,第一交通産業
9036,東部ネットワーク
9037,ハマキョウレックス
9039,サカイ引越センター
9040,大宝運輸
9041,近鉄グループＨＬＤＧ
9042,阪急阪神ＨＬＤＧ
9044,南海電気鉄道
9045,京阪ＨＬＤＧ
9046,神戸電鉄
9048,名古屋鉄道
9049,京福電気鉄道
9051,センコン物流
9052,山陽電気鉄道
9057,遠州トラック
9059,カンダＨＬＤＧ
9060,日本ロジテム
9063,岡山県貨物運送
9064,ヤマトＨＬＤＧ
9065,山九
9066,日新
9067,丸運
9068,丸全昭和運輸
9069,センコーグループＨＬＤＧ
9072,ニッコンＨＬＤＧ
9073,京極運輸商事
9074,日本石油輸送
9075,福山通運
9076,セイノーＨＬＤＧ
9081,神奈川中央交通
9082,大和自動車交通
9083,神姫バス
9085,北海道中央バス
9087,タカセ
9090,ＡＺ−ＣＯＭ丸和ＨＬＤＧ
9101,日本郵船
9104,商船三井
9107,川崎汽船
9110,ＮＳユナイテッド海運
9115,明海グループ
9119,飯野海運
9127,玉井商船
9130,共栄タンカー
9142,九州旅客鉄道
9143,ＳＧ　ＨＬＤＧ
9145,ビーイングＨＬＤＧ
9147,ＮＩＰＰＯＮ　ＥＸＰＲＥＳＳ
9158,シーユーシー
9159,Ｗ　ＴＯＫＹＯ
9160,ノバレーゼ
9162,ブリーチ
9163,ナレルグループ
9164,トライト
9165,クオルテック
9166,ＧＥＮＤＡ
9168,ライズ・コンサルティング・グル
9170,成友興業
9171,栗林商船
9173,東海汽船
9193,東京汽船
9201,日本航空
9202,ＡＮＡ　ＨＬＤＧ
9204,スカイマーク
9206,スターフライヤー
9211,エフ・コード
9212,Ｇｒｅｅｎ　Ｅａｒｔｈ　Ｉｎｓ
9213,セイファート
9214,Ｒｅｃｏｖｅｒｙ　Ｉｎｔｅｒｎ
9215,ＣａＳｙ
9216,ビーウィズ
9218,メンタルヘルステクノロジーズ
9219,ギックス
9220,エフビー介護サービス
9221,フルハシＥＰＯ
9223,ＡＳＮＯＶＡ
9225,ブリッジコンサルティンググルー
9227,マイクロ波化学
9229,サンウェルズ
9233,アジア航測
9235,売れるネット広告社グループ
9236,ジャパンＭ＆Ａソリューション
9237,笑美面
9238,バリュークリエーション
9240,デリバリーコンサルティング
9241,フューチャーリンクネットワーク
9242,メディア総研
9244,デジタリフト
9245,リベロ
9246,プロジェクトＨＬＤＧ
9247,TRE ＨＬＤＧ
9248,人・夢・技術グループ
9249,日本エコシステム
9250,ＧＲＣＳ
9251,ＡＢ＆Ｃｏｍｐａｎｙ
9252,ラストワンマイル
9253,スローガン
9254,ラバブルマーケティンググループ
9256,サクシード
9257,ＹＣＰＨＬＤＧ（グローバル）
9258,ＣＳ−Ｃ
9259,タカヨシＨＬＤＧ
9262,シルバーライフ
9264,ポエック
9265,ヤマシタヘルスケアＨＬＤＧ
9267,Ｇｅｎｋｙ　ＤｒｕｇＳｔｏｒｅ
9268,オプティマスグループ
9270,バリュエンスＨＬＤＧ
9271,和心
9272,ブティックス
9273,コーア商事ＨＬＤＧ
9274,ＫＰＰグループＨＬＤＧ
9275,ナルミヤ・インターナショナル
9278,ブックオフグループＨＬＤＧ
9279,ギフトＨＬＤＧ
9282,いちごグリーンインフラ投資法人
9284,カナディアン・ソーラー・インフ
9285,東京インフラ・エネルギー投資
9286,エネクス・インフラ投資法人
9287,ジャパン・インフラファンド投資
9301,三菱倉庫
9302,三井倉庫ＨＬＤＧ
9303,住友倉庫
9304,澁澤倉庫
9305,ヤマタネ
9306,東陽倉庫
9307,杉村倉庫
9308,乾汽船
9310,日本トランスシティ
9311,アサガミ
9312,ケイヒン
9313,丸八倉庫
9319,中央倉庫
9322,川西倉庫
9324,安田倉庫
9325,ファイズＨＬＤＧ
9326,関通
9327,イー・ロジット
9330,揚羽
9331,キャスター
9332,ＮＩＳＳＯＨＬＤＧ
9336,大栄環境
9337,トリドリ
9338,ＩＮＦＯＲＩＣＨ
9339,コーチ・エィ
9340,アソインターナショナル
9341,ＧＥＮＯＶＡ
9342,スマサポ
9343,アイビス
9344,アクシスコンサルティング
9345,ビズメイツ
9346,ココルポート
9347,日本管財ＨＬＤＧ
9348,ｉｓｐａｃｅ
9351,東洋埠頭
9353,櫻島埠頭
9355,リンコーコーポレーション
9357,名港海運
9359,伊勢湾海運
9360,鈴与シンワート
9361,伏木海陸運送
9362,兵機海運
9363,大運
9364,上組
9365,トレーディア
9366,サンリツ
9367,大東港運
9368,キムラユニティー
9369,キユーソー流通システム
9376,ユーラシア旅行社
9377,エージーピー
9380,東海運
9381,エーアイテイー
9385,ショーエイコーポレーション
9386,日本コンセプト
9388,パパネッツ
9399,ビートＨＬＤＧ
9401,ＴＢＳＨＬＤＧ
9402,中部日本放送
9404,日本テレビＨＬＤＧ
9405,朝日放送グループＨＬＤＧ
9407,ＲＫＢ毎日ＨＬＤＧ
9408,ＢＳＮメディアＨＬＤＧ
9409,テレビ朝日ＨＬＤＧ
9412,スカパーＪＳＡＴ　ＨＬＤＧ
9413,テレビ東京ＨＬＤＧ
9414,日本ＢＳ放送
9416,ビジョン
9417,スマートバリュー
9418,Ｕ−ＮＥＸＴ　ＨＬＤＧ
9419,ワイヤレスゲート
9421,エヌジェイＨＬＤＧ
9423,フォーバル・リアルストレート
9424,日本通信
9425,ＲｅＹｕｕ　Ｊａｐａｎ
9428,クロップス
9432,ＮＴＴ
9433,ＫＤＤＩ
9434,ソフトバンク
9435,光通信
9436,沖縄セルラー電話
9438,エムティーアイ
9439,エム・エイチ・グループ
9441,ベルパーク
9444,トーシンＨＬＤＧ
9445,フォーバルテレコム
9446,サカイＨＬＤＧ
9449,ＧＭＯインターネットグループ
9450,ファイバーゲート
9466,アイドママーケティングコミュニ
9467,アルファポリス
9468,ＫＡＤＯＫＡＷＡ
9470,学研ＨＬＤＧ
9471,文溪堂
9474,ゼンリン
9475,昭文社ＨＬＤＧ
9476,中央経済社ＨＬＤＧ
9478,ＳＥ　Ｈ＆インキュベーションズ
9501,東京電力ＨＬＤＧ
9502,中部電力
9503,関西電力
9504,中国電力
9505,北陸電力
9506,東北電力
9507,四国電力
9508,九州電力
9509,北海道電力
9511,沖縄電力
9513,電源開発
9514,エフオン
9517,イーレックス
9519,レノバ
9531,東京瓦斯
9532,大阪瓦斯
9533,東邦瓦斯
9534,北海道瓦斯
9535,広島ガス
9536,西部ガスＨＬＤＧ
9537,北陸瓦斯
9539,京葉瓦斯
9543,静岡ガス
9551,メタウォーター
9552,Ｍ＆Ａ総研ＨＬＤＧ
9553,マイクロアド
9554,ＡＶｉＣ
9556,ＩＮＴＬＯＯＰ
9557,エアークローゼット
9558,ジャパニアス
9560,プログリット
9561,グラッドキューブ
9562,ビジネスコーチ
9563,Ａｔｌａｓ　Ｔｅｃｈｎｏｌｏｇ
9564,ＦＣＥ
9565,ＧＬＯＥ
9600,アイネット
9601,松竹
9602,東宝
9603,エイチ・アイ・エス
9605,東映
9610,ウィルソン・ラーニング　ワール
9612,ラックランド
9613,ＮＴＴデータグループ
9616,共立メンテナンス
9619,イチネンＨＬＤＧ
9621,建設技術研究所
9622,スペース
9625,セレスポ
9627,アインＨＬＤＧ
9628,燦ＨＬＤＧ
9629,ピー・シー・エー
9632,スバル興業
9633,東京テアトル
9635,武蔵野興業
9636,きんえい
9639,三協フロンテア
9640,セゾンテクノロジー
9643,中日本興業
9644,タナベコンサルティンググループ
9647,協和コンサルタンツ
9651,日本プロセス
9656,グリーンランドリゾート
9658,ビジネスブレイン太田昭和
9661,歌舞伎座
9663,ナガワ
9664,御園座
9672,東京都競馬
9678,カナモト
9679,ホウライ
9682,ＤＴＳ
9684,スクウェア・エニックスＨＬＤＧ
9685,ＫＹＣＯＭ　ＨＬＤＧ
9686,東洋テック
9687,ＫＳＫ
9691,両毛システムズ
9692,シーイーシー
9696,ウィザス
9697,カプコン
9698,クレオ
9699,ニシオＨＬＤＧ
9701,東京會舘
9702,アイ・エス・ビー
9704,アゴーラ　ホスピタリティー
9706,日本空港ビルデング
9708,帝国ホテル
9709,ＮＣＳ＆Ａ
9713,ロイヤルホテル
9715,トランス・コスモス
9716,乃村工藝社
9719,ＳＣＳＫ
9720,ホテル、ニューグランド
9722,藤田観光
9723,京都ホテル
9726,ＫＮＴ―ＣＴ　ＨＬＤＧ
9729,トーカイ
9731,白洋舎
9733,ナガセ
9735,セコム
9739,ＮＳＷ
9740,セントラル警備保障
9742,アイネス
9743,丹青社
9744,メイテックグループＨＬＤＧ
9746,ＴＫＣ
9753,アイエックス・ナレッジ
9755,応用地質
9757,船井総研ＨＬＤＧ
9759,ＮＳＤ
9760,進学会ＨＬＤＧ
9761,東海リース
9763,丸紅建材リース
9765,オオバ
9766,コナミグループ
9767,日建工学
9768,いであ
9769,学究社
9776,札幌臨床検査センター
9778,昴
9780,ハリマビステム
9782,ディーエムエス
9788,ナック
9790,福井コンピュータＨＬＤＧ
9791,ビケンテクノ
9793,ダイセキ
9795,ステップ
9799,旭情報サービス
9812,テーオーＨＬＤＧ
9816,ストライダーズ
9818,大丸エナウィン
9820,エムティジェネックス
9823,マミーマート
9824,泉州電業
9827,リリカラ
9828,Ｇｅｎｋｉ　Ｇｌｏｂａｌ　Ｄｉ
9830,トラスコ中山
9831,ヤマダＨＬＤＧ
9832,オートバックスセブン
9835,ジュンテンドー
9837,モリト
9842,アークランズ
9843,ニトリＨＬＤＧ
9845,パーカーコーポレーション
9846,天満屋ストア
9849,共同紙販ＨＬＤＧ
9850,グルメ杵屋
9853,銀座ルノアール
9854,愛眼
9856,ケーユーＨＬＤＧ
9857,英和
9861,吉野家ＨＬＤＧ
9867,ソレキア
9869,加藤産業
9872,北恵
9876,コックス
9878,セキド
9880,イノテック
9882,イエローハット
9885,シャルレ
9887,松屋フーズＨＬＤＧ
9888,ＵＥＸ
9889,ＪＢＣＣ　ＨＬＤＧ
9890,マキヤ
9895,コンセック
9896,ＪＫ　ＨＬＤＧ
9900,サガミＨＬＤＧ
9902,日伝
9903,カンセキ
9904,ベリテ
9906,藤井産業
9908,日本電計
9913,日邦産業
9914,植松商会
9927,ワットマン
9928,ミロク情報サービス
9929,平和紙業
9930,北沢産業
9932,杉本商事
9934,因幡電機産業
9936,王将フードサービス
9941,太洋物産
9942,ジョイフル
9946,ミニストップ
9948,アークス
9950,ハチバン
9955,ヨンキュウ
9956,バローＨＬＤＧ
9959,アシードＨＬＤＧ
9960,東テク
9962,ミスミグループ本社
9969,ショクブン
9972,アルテック
9973,ＫＯＺＯＨＬＤＧ
9974,ベルク
9976,セキチュー
9978,文教堂グループＨＬＤＧ
9979,大庄
9980,ＭＲＫ　ＨＬＤＧ
9982,タキヒヨー
9983,ファーストリテイリング
9984,ソフトバンクグループ
9986,蔵王産業
9987,スズケン
9989,サンドラッグ
9990,サックスバー　ＨＬＤＧ
9991,ジェコス
9993,ヤマザワ
9994,やまや
9996,サトー商会
9997,ベルーナ